Bifidobacterium,Butyricimonas,Odoribacter,Paraprevotella,Bacteroides,Parabacteroides,Prevotella,unkwon1,unkwon2,unkwon3,Clostridium,unkwon4,unkwon5,Ruminococcus,Anaerostipes,Blautia,Coprococcus,Dorea,Lachnospira,Roseburia,unkwon6,unkwon7,unkwon8,unkwon9,Faecalibacterium,Oscillospira,Ruminococcus.1,Dialister,unkwon10,unkwon11,unkwon12,Sutterella,Escherichia,Klebsiella,Haemophilus,Akkermansia,Tags
0.009615385,0.00896861,0.014925373,0.018691589,0.128205128,0.022321429,0.193548387,0.016806723,0,0.023121387,0,0,0.012605042,0,0,0,0.02293578,0.018018018,0.003389831,0,0,0.014285714,0,0,0.006896552,0,0.003424658,0,0.018018018,0.018691589,0,0,0.005319149,0.028301887,0.037037037,0.022058824,1
0.003636364,0,0.007751938,0.01754386,0.150837989,0.066666667,0.331730769,0.03875969,0.009174312,0.016,0,0,0.043902439,0.010152284,0,0.00456621,0.086956522,0.00729927,0,0.008130081,0.006872852,0.041666667,0.006369427,0,0.066964286,0,0.014388489,0,0.013333333,0.047244094,0,0.005050505,0,0.090909091,0.034722222,0.1015625,1
0,0,0.028409091,0.010204082,0.082125604,0.023255814,0.197860963,0.03164557,0,0.030534351,0,0,0.020746888,0,0.010989011,0.004608295,0.0375,0.018450185,0.005952381,0.007751938,0.004291845,0.024390244,0.008695652,0.003460208,0.035573123,0,0.006134969,0,0.005347594,0.010810811,0,0,0.007692308,0.061111111,0.003717472,0.007434944,1
0,0.005649718,0.008695652,0,0.106227106,0.099378882,0.371794872,0.046242775,0,0.028985507,0,0,0.047368421,0,0,0.004310345,0.02739726,0.020661157,0.009302326,0.00625,0.004608295,0.011904762,0.004878049,0,0.053380783,0,0.010067114,0,0.03649635,0.042253521,0,0.010695187,0.004291845,0.035242291,0.050179211,0.047368421,1
0,0,0.003424658,0.006920415,0.047413793,0.042553191,0.236363636,0.007017544,0.003401361,0.034782609,0,0,0.014760148,0.011299435,0,0.004255319,0.013793103,0.019047619,0,0.008,0.005649718,0,0,0,0.013793103,0,0,0,0.014285714,0.013100437,0,0,0.010526316,0.023076923,0.093457944,0.050955414,1
0,0.005208333,0.015625,0.012448133,0.183544304,0.045045045,0.52,0.026455026,0.008,0.023391813,0,0.004784689,0.060606061,0.007575758,0.00621118,0.005,0.029739777,0,0,0.009852217,0.004587156,0.02293578,0,0,0.113636364,0,0.027210884,0,0.017241379,0.032894737,0,0.014354067,0,0.08097166,0.044554455,0.051470588,1
0,0.004385965,0,0.031847134,0.100806452,0.019607843,0.179916318,0.003484321,0.006369427,0.02173913,0.005076142,0,0.032520325,0.008196721,0,0,0.039473684,0.047619048,0,0.025125628,0.006578947,0.013333333,0,0,0.039473684,0,0.008264463,0,0.015463918,0.017142857,0,0.00952381,0,0.104347826,0.013651877,0.038135593,1
0.005464481,0,0.004975124,0.005434783,0.053231939,0.006896552,0.209944751,0.013761468,0,0.016666667,0,0,0.035087719,0,0,0,0.01025641,0.018018018,0.003508772,0.005952381,0,0.013513514,0,0.003496503,0.031746032,0,0,0,0,0.006896552,0,0.00390625,0,0.10483871,0.025974026,0.028688525,1
0,0,0.010204082,0.004291845,0.134615385,0.02690583,0.231343284,0.018691589,0,0.017857143,0,0,0.028037383,0.005780347,0,0,0.016806723,0.011904762,0,0,0,0.018018018,0,0,0.070588235,0,0.016806723,0,0.013793103,0.00729927,0,0,0,0.037383178,0.032258065,0.018018018,1
0,0.009259259,0.007352941,0.019607843,0.087272727,0.029661017,0.201550388,0.01754386,0,0.022222222,0,0.007751938,0.027522936,0.008,0,0.003773585,0.034146341,0.040609137,0,0.00456621,0.01242236,0.00729927,0,0,0.020618557,0,0.01910828,0,0,0.033149171,0,0,0,0.078740157,0.036809816,0.085858586,1
0,0,0.0234375,0.011235955,0.053003534,0.051282051,0.210227273,0.005102041,0,0.013289037,0,0.006329114,0.022222222,0.007633588,0,0.005128205,0.020746888,0.061068702,0.010989011,0.004608295,0,0.011070111,0,0,0.034334764,0,0,0,0.011857708,0.056,0,0,0,0.054054054,0.021008403,0.0703125,1
0,0,0.007434944,0.003816794,0.04048583,0.028248588,0.17826087,0.024193548,0,0.02484472,0,0,0.022727273,0.014492754,0,0,0.026315789,0.008928571,0,0.012931034,0,0.008264463,0,0.0125,0.02764977,0,0.014634146,0.003937008,0.014234875,0.013043478,0,0.004385965,0,0.03286385,0.016393443,0.037433155,1
0,0.003584229,0.026315789,0.036585366,0.189473684,0.047619048,0.219178082,0.027681661,0.004310345,0.021276596,0,0.007017544,0.034013605,0.008695652,0,0.004132231,0.033210332,0.02259887,0.008810573,0.008510638,0.020689655,0.023809524,0,0,0.084745763,0,0.037593985,0,0.010344828,0.037974684,0,0.003448276,0,0.048034934,0.063218391,0.057142857,1
0,0.009345794,0.025477707,0.016,0.111111111,0.041666667,0.5703125,0.020746888,0.006329114,0.018018018,0.008,0,0.088,0.023391813,0.008474576,0,0.075757576,0.075757576,0.00621118,0.025,0.018587361,0.045801527,0,0,0.096330275,0,0.014652015,0.005405405,0.03030303,0.022727273,0,0,0.010344828,0.052631579,0.087431694,0.04784689,1
0.004048583,0.004950495,0.011029412,0.029787234,0.076923077,0.00877193,0.219047619,0.012738854,0,0.019607843,0,0,0.044585987,0,0.005076142,0.005405405,0.073170732,0.032786885,0,0.008547009,0.01754386,0.028571429,0,0,0.085526316,0,0.004366812,0.006329114,0.026315789,0.039370079,0,0,0.010309278,0.051428571,0.03,0.019047619,1
0,0.010238908,0.004237288,0.044247788,0.131147541,0.028070175,0.338308458,0.027173913,0,0.013793103,0,0.009174312,0.042735043,0.020833333,0,0,0.028070175,0.016877637,0.005291005,0.017605634,0.015384615,0.027027027,0,0,0.056939502,0,0.005076142,0.003496503,0.021164021,0.020833333,0,0,0,0.034482759,0.088495575,0.05078125,1
0,0.004329004,0.024590164,0.021390374,0.074688797,0.065217391,0.244897959,0.017167382,0,0.01793722,0,0,0.017094017,0.004464286,0.006451613,0.016806723,0.121495327,0.034682081,0.021582734,0,0.021008403,0.023809524,0.012578616,0.004672897,0.068807339,0,0.003389831,0.004081633,0.047058824,0.042857143,0,0.003597122,0,0.03649635,0.023972603,0.087248322,1
0,0,0.018018018,0.015957447,0.080188679,0.037037037,0.136029412,0.004901961,0,0.016949153,0,0,0.005586592,0,0.004807692,0.007751938,0.064220183,0.008,0,0,0,0,0,0,0.02484472,0,0.004672897,0,0.003436426,0.027777778,0,0,0,0.055248619,0.010791367,0.017123288,1
0,0,0.015151515,0.016129032,0.242424242,0.055555556,0.828125,0.02247191,0,0.034188034,0.005681818,0.010204082,0.033816425,0.009966777,0,0.006329114,0.044444444,0.061068702,0.013745704,0.015384615,0.012448133,0.022900763,0,0,0.1375,0,0.029761905,0.015503876,0.008583691,0.042682927,0,0.003460208,0,0.104,0.042944785,0.105263158,1
0,0.016806723,0.03125,0.038461538,0.172222222,0.040892193,0.289962825,0.011450382,0,0.02259887,0,0,0.04029304,0.00621118,0,0.011560694,0.053030303,0.043478261,0.004694836,0,0.010526316,0.035714286,0,0,0.073059361,0,0.004651163,0,0.00921659,0.023809524,0,0.003937008,0.003558719,0.047826087,0.040268456,0.087719298,1
0,0.004098361,0.010695187,0.004291845,0.101321586,0.025089606,0.263157895,0.030487805,0,0.031746032,0,0,0.021551724,0.005319149,0,0,0.034013605,0.043478261,0,0.008264463,0.007380074,0.04519774,0,0,0.082758621,0,0.005555556,0.008,0.016949153,0.009661836,0,0,0.003448276,0.046413502,0.016949153,0.024137931,1
0,0.017241379,0.004761905,0.005263158,0.184615385,0.074766355,0.210191083,0.012,0.004115226,0.020833333,0,0,0.012658228,0,0.008,0,0.048,0.011695906,0,0,0.007575758,0.015151515,0,0,0.040892193,0,0.021276596,0,0,0.032110092,0,0,0,0.090909091,0.027210884,0.054216867,1
0.006578947,0,0.014354067,0.019900498,0.08097166,0.02970297,0.113970588,0.008510638,0,0.01754386,0,0,0.016129032,0.004901961,0,0.003484321,0.025477707,0.016304348,0,0.005405405,0.008130081,0.016393443,0,0,0.01754386,0,0.004524887,0,0.013157895,0.017777778,0,0,0,0.039370079,0.020661157,0.033457249,1
0,0.015,0.00952381,0.01369863,0.313043478,0.040955631,0.398305085,0.03539823,0,0.014035088,0,0.010869565,0.011406844,0.003448276,0,0.009174312,0.111111111,0.0125,0,0.028571429,0.010526316,0.025316456,0.010582011,0.003521127,0.107692308,0,0.021052632,0,0.028469751,0.040540541,0,0,0.005291005,0.078125,0.03030303,0.052631579,1
0,0,0.0078125,0.034782609,0.112903226,0.03030303,0.221311475,0.032085561,0,0.028985507,0,0,0.028846154,0.004484305,0,0.009345794,0.034188034,0.004464286,0.006451613,0,0,0.011560694,0,0,0.033613445,0,0,0,0.009174312,0.036036036,0,0,0,0.057142857,0.075630252,0.028776978,1
0,0.003424658,0.033557047,0.013513514,0.130841121,0.012903226,0.184684685,0.015957447,0,0.037037037,0.003676471,0,0.014545455,0.008474576,0,0,0.011173184,0.011111111,0,0.023255814,0.009174312,0.02,0.00625,0,0.053658537,0,0.014184397,0,0.01863354,0.00729927,0,0.008130081,0.003436426,0.0625,0.031847134,0.032407407,1
0.005524862,0,0.010273973,0.004444444,0.307086614,0.09202454,0.505050505,0.032258065,0,0.027777778,0,0.003745318,0.035335689,0.017094017,0,0,0.057971014,0.016611296,0.021390374,0.012658228,0.022222222,0.053435115,0.003436426,0.01025641,0.049792531,0,0.010989011,0,0.04375,0.029520295,0,0.007751938,0,0.103658537,0.104347826,0.041522491,1
0,0.006134969,0.018796992,0.005347594,0.075675676,0.008403361,0.375,0.007692308,0,0.014869888,0,0.003816794,0.016194332,0,0,0,0.025641026,0.055900621,0.006410256,0.011560694,0,0.028985507,0.004694836,0.013513514,0.068421053,0,0.010526316,0.004310345,0.00913242,0.016528926,0,0,0,0.027777778,0.009756098,0.035433071,1
0.004347826,0,0.01754386,0.01459854,0.112676056,0.024590164,0.331550802,0.017167382,0.004405286,0.014336918,0.010526316,0,0.021052632,0.031746032,0.003424658,0.003460208,0.030172414,0.021276596,0.006060606,0.007017544,0.006802721,0.043478261,0.008130081,0,0.070110701,0,0.026431718,0.004255319,0.034482759,0.033333333,0,0.016,0,0.062801932,0.082706767,0.115384615,1
0,0,0.006896552,0,0.061135371,0.051724138,0.166666667,0,0,0.037383178,0,0,0.016460905,0.005208333,0,0.004149378,0.006329114,0.013513514,0.008,0.005291005,0,0.011695906,0.008474576,0,0.022727273,0,0,0,0.014869888,0.007633588,0,0,0,0.02293578,0.029304029,0.032432432,1
0,0.006802721,0.018072289,0.006896552,0.125,0.049180328,0.244019139,0.009950249,0,0.01980198,0.003676471,0.004255319,0.018099548,0.004385965,0,0,0.024193548,0.014705882,0.0041841,0.006968641,0,0.016304348,0,0,0.06504065,0,0,0,0.004385965,0.00952381,0,0.005025126,0,0.026666667,0.043668122,0.088607595,1
0,0.004132231,0.022304833,0.005154639,0.194285714,0.035,0.328571429,0.010273973,0,0.013651877,0.008474576,0.008849558,0.06557377,0.010526316,0.009950249,0.005434783,0.038022814,0.020689655,0.005524862,0,0.008547009,0,0,0,0.059649123,0,0,0.003521127,0.020512821,0.054054054,0,0,0,0.047297297,0.040609137,0.048951049,1
0.005208333,0.008658009,0.004048583,0.025641026,0.065517241,0.079646018,0.25,0.043478261,0.008064516,0.017316017,0.004098361,0.016042781,0.012448133,0,0,0,0.028846154,0.022421525,0.007462687,0.014018692,0.008547009,0.013392857,0.006451613,0,0.14953271,0,0.021582734,0,0.016806723,0.007936508,0,0,0,0.054054054,0.047457627,0.036734694,1
0,0,0.017985612,0.020689655,0.153284672,0.04109589,0.44295302,0.027027027,0,0.025806452,0.004504505,0.005319149,0.056603774,0.009259259,0,0.004901961,0.014545455,0.021186441,0.007751938,0.011695906,0,0.027777778,0.009615385,0.007751938,0.165137615,0,0.0125,0,0.009756098,0.020304569,0,0,0.00621118,0.03649635,0.03271028,0.052845528,1
0,0,0.00462963,0.008928571,0.060773481,0.014388489,0.099315068,0.008888889,0,0.024539877,0,0,0.037878788,0.006944444,0,0,0.028268551,0.025641026,0,0,0,0.003322259,0.005347594,0,0.026666667,0,0.003436426,0.005128205,0.024896266,0.015267176,0,0,0.0125,0.018450185,0.023809524,0.062015504,1
0,0,0.003460208,0.019762846,0.256,0.085889571,0.353383459,0.010695187,0,0.016806723,0,0.015384615,0.072222222,0.007434944,0,0.007633588,0.052631579,0.039548023,0.008695652,0.024193548,0.003663004,0.02484472,0,0,0.106060606,0,0.014084507,0,0.021052632,0.0625,0,0.004310345,0,0.053719008,0.037209302,0.125,1
0,0,0.015748031,0.010676157,0.126086957,0.013422819,0.254385965,0.02189781,0,0.016393443,0,0.004291845,0.026431718,0.010752688,0.005263158,0.006097561,0.057894737,0.023809524,0,0.003460208,0.004310345,0.010638298,0.006060606,0,0.06462585,0,0,0.012396694,0.007380074,0.028248588,0.004405286,0,0.006896552,0.052380952,0.033333333,0.152,1
0.004830918,0.007518797,0.030769231,0.013793103,0.135021097,0.040677966,0.282758621,0.028571429,0.004366812,0.022988506,0,0.010526316,0.061538462,0.009345794,0,0.004,0.057613169,0.03125,0.0078125,0.012448133,0.025316456,0.031531532,0,0,0.152,0,0.008474576,0,0.022727273,0.045454545,0,0,0.007434944,0.167938931,0.031914894,0.103448276,1
0,0.007326007,0.032432432,0.015151515,0.204545455,0.027210884,0.463855422,0.017241379,0,0.021857923,0,0.009950249,0.032388664,0.00990099,0,0,0.045248869,0.048245614,0.014285714,0.025477707,0.004032258,0.024509804,0,0.003484321,0.127388535,0,0.005076142,0,0.048780488,0.032786885,0,0.008547009,0,0.047619048,0.022624434,0.095477387,1
0,0,0.012658228,0.032894737,0.204724409,0.049586777,0.330855019,0.015463918,0,0.02,0,0.010273973,0.026086957,0.010238908,0.004237288,0,0.054644809,0.021052632,0.004975124,0.02173913,0.007604563,0.006896552,0,0.004587156,0.153846154,0,0.004950495,0,0.014035088,0.016877637,0,0.003521127,0.005128205,0.117117117,0.031578947,0.172619048,1
0.006756757,0,0,0.026455026,0.083333333,0.025974026,0.246963563,0.008547009,0.003448276,0.03539823,0.0078125,0.008695652,0.008064516,0.004329004,0.004098361,0,0.037344398,0.036231884,0,0.025751073,0.009615385,0.013452915,0,0.009345794,0.102564103,0,0.012903226,0,0.028037383,0.028901734,0,0.008264463,0,0.027777778,0.031446541,0.037383178,1
0,0.003389831,0.004081633,0.011764706,0.207142857,0.033613445,0.23381295,0.020689655,0,0.01369863,0,0,0.093457944,0,0.004504505,0,0.023584906,0.055555556,0,0.004901961,0,0.004237288,0,0.005847953,0.05027933,0,0.004807692,0,0.018348624,0.032,0,0.003773585,0.009756098,0.040609137,0.035460993,0.03652968,1
0,0.009345794,0,0.017182131,0.1875,0.044585987,0.240740741,0.035714286,0.005524862,0.014388489,0,0,0.070866142,0,0,0,0.060606061,0.048611111,0.0078125,0,0.010600707,0.042735043,0,0,0.048309179,0,0.005347594,0,0.022222222,0.022900763,0,0.005128205,0,0.061068702,0.010989011,0.046082949,1
0,0,0.023255814,0.004291845,0.182926829,0.060869565,0.249134948,0.035573123,0,0.024539877,0,0.005347594,0.010810811,0,0,0,0.061111111,0.018587361,0.003717472,0.007633588,0.008097166,0.02259887,0,0.008064516,0.058608059,0,0.006410256,0.005780347,0.03030303,0.02173913,0,0.006756757,0,0.080357143,0.021052632,0.047413793,1
0,0,0.0125,0.00921659,0.05952381,0.029268293,0.165354331,0.014234875,0,0.013422819,0.00877193,0,0.014084507,0,0.005347594,0,0.008810573,0.025089606,0,0.018292683,0.005263158,0.015873016,0,0,0.004310345,0,0.012121212,0,0.010204082,0.026086957,0,0,0,0.04519774,0.030837004,0.034042553,1
0,0.005555556,0,0.005649718,0.072463768,0.045112782,0.253846154,0.010344828,0,0.013559322,0,0,0.021834061,0.005747126,0,0,0.046153846,0.009345794,0.006369427,0.004,0.004115226,0.005208333,0,0,0.063291139,0,0.008,0,0.016,0.011695906,0,0,0,0.037878788,0.031055901,0.015,1
0.015267176,0.010638298,0.034482759,0.032110092,0.105504587,0.04029304,0.421621622,0.053030303,0,0.027210884,0.006024096,0.006896552,0.046052632,0.005464481,0,0.009950249,0.028340081,0.01980198,0.007352941,0.012765957,0.018099548,0.013157895,0.004761905,0.006369427,0.052419355,0,0.012552301,0,0.025477707,0.038043478,0,0.005405405,0,0.114754098,0.040816327,0.153846154,1
0,0.004524887,0.010050251,0.013157895,0.097777778,0.026200873,0.335443038,0.032894737,0,0.016528926,0.003717472,0,0.022857143,0.015,0,0,0.060869565,0.017064846,0.004237288,0.008849558,0,0.007017544,0.004975124,0,0.030418251,0,0.016574586,0,0.017094017,0.004166667,0,0,0,0.046413502,0.031746032,0.028169014,1
0.009009009,0,0.023809524,0.014234875,0.209459459,0.020304569,0.307692308,0.042328042,0,0.017316017,0,0.017094017,0.013793103,0.017699115,0,0.008695652,0.080645161,0.012987013,0.004098361,0.010695187,0.004149378,0.014492754,0,0,0.182692308,0,0.029850746,0,0.051282051,0.035714286,0,0.016806723,0.009345794,0.069364162,0.09352518,0.223140496,1
0,0,0.014018692,0.009174312,0.234234234,0.016949153,0.27755102,0.017647059,0,0.033613445,0.003597122,0,0.065693431,0.003424658,0,0.013513514,0.102803738,0.04516129,0.009009009,0.015957447,0.018867925,0.009259259,0,0,0.043636364,0,0.011627907,0.005847953,0.022346369,0.027777778,0,0.007751938,0.009174312,0.032,0.05,0.030188679,1
0,0.007092199,0.02739726,0.01863354,0.083941606,0.042056075,0.231707317,0.006872852,0,0.025477707,0,0.004464286,0.060773481,0,0.003424658,0.004444444,0.062992126,0.030674847,0.005050505,0.005376344,0.03030303,0.041666667,0,0,0.042402827,0,0.017045455,0,0.019323671,0.013289037,0,0,0,0.083969466,0.017182131,0.066666667,1
0,0,0.032258065,0.00625,0.044280443,0.05952381,0.348837209,0.012875536,0,0.034782609,0,0,0.032,0.012269939,0,0,0.027027027,0.012605042,0.0078125,0.007692308,0.005555556,0.011152416,0,0,0.028340081,0,0.004347826,0,0.010989011,0.01242236,0,0,0.007575758,0.050724638,0.018779343,0.087837838,1
0,0.010526316,0.004310345,0.01369863,0.107438017,0.055813953,0.45,0.013824885,0,0.019512195,0.003937008,0,0.017391304,0,0,0.01459854,0.079812207,0.016393443,0.005347594,0.012875536,0.004405286,0.010752688,0,0,0.073684211,0,0.006849315,0,0.030172414,0.015957447,0,0.003508772,0,0.113043478,0.081300813,0.033057851,1
0,0,0.004255319,0.027586207,0.085714286,0.038888889,0.4,0.011299435,0,0.030075188,0.007692308,0.006896552,0.016877637,0.003389831,0,0,0.034934498,0.022988506,0,0.010526316,0.030769231,0.065420561,0,0,0.024691358,0,0.0078125,0,0.03164557,0.036036036,0,0,0,0.040935673,0.050847458,0.038277512,1
0.007575758,0.02484472,0.02,0.018587361,0.221374046,0.090425532,0.413793103,0.02293578,0,0.014652015,0,0.015151515,0.037878788,0,0.006024096,0.010344828,0.078947368,0.06010929,0.009569378,0.009950249,0.020242915,0.02970297,0,0.004255319,0.085972851,0,0.019047619,0.006369427,0.008064516,0.039215686,0,0.003484321,0.012738854,0.081521739,0.025380711,0.07027027,1
0,0.004081633,0.042735043,0.01754386,0.228571429,0.036199095,0.336683417,0.019736842,0,0.017467249,0.006329114,0.006578947,0.070866142,0.012396694,0,0,0.085714286,0.04,0.004761905,0.01369863,0.017391304,0.010238908,0.008474576,0,0.06010929,0,0.014925373,0,0.011406844,0.006896552,0,0.004587156,0.008547009,0.033333333,0.02970297,0.074285714,1
0.004219409,0,0.021126761,0.01025641,0.252252252,0.045614035,0.505952381,0.039145907,0.006756757,0.020304569,0,0.010582011,0.057291667,0.012987013,0,0,0.037931034,0.053097345,0.00390625,0.008695652,0.016129032,0.008658009,0.004098361,0,0.062240664,0,0.006802721,0,0.028846154,0.022421525,0,0,0,0.022321429,0.058064516,0.12605042,1
0,0.021582734,0.066115702,0.025210084,0.138888889,0.075471698,0.439252336,0.02293578,0.009009009,0.013559322,0,0.011764706,0.042857143,0.008403361,0,0.006896552,0.072992701,0.02739726,0,0.031531532,0.018691589,0.04516129,0.004504505,0,0.070754717,0,0.007352941,0.009803922,0.025454545,0.033898305,0,0.005847953,0.011173184,0.061111111,0.052884615,0.139534884,1
0,0.0125,0.003773585,0,0.096446701,0.035460993,0.200913242,0.02484472,0,0.018691589,0.004065041,0.003436426,0.034722222,0.01910828,0,0,0.033149171,0.014388489,0,0.008888889,0.015748031,0.012269939,0,0,0.075757576,0,0.03125,0,0.010600707,0.034188034,0,0,0.004830918,0.016611296,0.026737968,0.037974684,1
0,0.006872852,0.005128205,0.012448133,0.129770992,0.021978022,0.258064516,0,0.003690037,0.023809524,0,0,0.042682927,0.017391304,0,0.003952569,0.008,0.006134969,0.003759398,0.010695187,0,0.008403361,0,0.007692308,0.05,0,0,0,0.016194332,0.02259887,0,0,0,0.080745342,0.051282051,0.069364162,1
0.014492754,0.014084507,0.02027027,0,0.276785714,0.038596491,0.275862069,0.02283105,0,0.018604651,0,0,0.03968254,0.004878049,0,0.007117438,0.047826087,0.033557047,0.004385965,0,0.014084507,0.016393443,0.005347594,0.004291845,0.04845815,0,0.010526316,0.006097561,0.026315789,0.031746032,0,0.006920415,0,0.042553191,0.042424242,0.028070175,1
0,0.016260163,0.008264463,0.007380074,0.13559322,0.035242291,0.327659574,0.006896552,0,0.022222222,0,0.005649718,0.053140097,0.007518797,0,0.013793103,0.054852321,0.023728814,0.006896552,0,0,0.022988506,0,0,0.130769231,0,0.012738854,0,0.041152263,0.03125,0.0078125,0,0.006329114,0.018018018,0.048,0.068783069,1
0,0.008474576,0.014354067,0.045454545,0.098484848,0.01242236,0.29,0.018587361,0,0.021276596,0,0,0.032110092,0.003663004,0.005405405,0.007575758,0.037878788,0.047619048,0,0.013793103,0.006578947,0.021857923,0,0,0.048582996,0,0.014705882,0,0.018099548,0.030701754,0,0.006369427,0.004032258,0.039215686,0.025104603,0.048780488,1
0.005434783,0,0.021621622,0.081300813,0.286885246,0.048979592,0.598290598,0.039473684,0,0.018099548,0,0.013157895,0.044444444,0.017467249,0,0,0.078740157,0.053719008,0,0.025773196,0.022857143,0.045,0,0.010273973,0.147826087,0,0.012711864,0,0.06010929,0.024561404,0,0.016304348,0.003802281,0.037931034,0.044198895,0.050458716,1
0.004166667,0.004950495,0.04,0.031578947,0.151898734,0.047619048,0.306338028,0.025641026,0.018018018,0.014035088,0,0,0.033783784,0.005076142,0.006993007,0.005291005,0.078125,0.034632035,0.008097166,0.008547009,0.003448276,0.079646018,0,0.008695652,0.209677419,0,0.016393443,0.005347594,0.01659751,0.050724638,0,0.004291845,0.019230769,0.053811659,0.097014925,0.065420561,1
0,0,0.050420168,0.028037383,0.098265896,0.115107914,0.520661157,0.021008403,0.003968254,0.025157233,0,0.004587156,0.054054054,0.003389831,0,0.005882353,0.1,0.050420168,0,0.020689655,0.01459854,0.023972603,0,0,0.14953271,0,0.022522523,0,0.04245283,0.037037037,0,0.019607843,0,0.046610169,0.007751938,0.099415205,1
0,0,0.031007752,0.009174312,0.052,0.0625,0.154716981,0.004878049,0,0.028368794,0,0.00621118,0.025547445,0.004672897,0,0,0.027777778,0.01910828,0,0.008928571,0.011049724,0.003597122,0,0.004444444,0.039370079,0,0.015151515,0,0.037878788,0.006944444,0,0,0.003533569,0.034188034,0.011363636,0.045918367,1
0,0.005347594,0.012658228,0.008888889,0.145038168,0.013745704,0.205128205,0.004149378,0,0.021978022,0,0,0.036900369,0.017857143,0,0,0.06097561,0.086956522,0,0.007905138,0.008,0.024539877,0,0,0.07027027,0,0.0078125,0,0.011111111,0.014869888,0,0,0,0.04519774,0.043478261,0.088709677,1
0,0,0.011560694,0.022727273,0.195652174,0.042253521,0.412162162,0,0.008928571,0.014035088,0,0.00913242,0.037190083,0.009302326,0,0.004608295,0.035714286,0.019512195,0,0.010676157,0.008695652,0.006711409,0,0,0.084507042,0,0.010695187,0,0.013215859,0.010752688,0,0,0,0.095238095,0.010273973,0.051903114,1
0,0,0.003508772,0.006802721,0.130434783,0.032520325,0.247933884,0.018450185,0,0.017621145,0,0.013793103,0.019047619,0.005555556,0.008,0.005649718,0.057971014,0.052631579,0.007692308,0.010344828,0.004219409,0.010169492,0.003448276,0.004761905,0.052401747,0,0.019047619,0,0.030769231,0.037383178,0,0.012,0,0.041666667,0.0390625,0.066390041,1
0,0,0,0.016,0.076023392,0.042372881,0.220095694,0,0,0.02484472,0,0,0.053435115,0.015957447,0,0,0.027522936,0.007326007,0.005405405,0,0.015151515,0.020408163,0.006024096,0.003448276,0.059210526,0,0.009569378,0,0.004048583,0.014851485,0,0,0.004524887,0.021929825,0.014285714,0.070063694,1
0,0.0041841,0.010452962,0.012738854,0.125,0.025380711,0.216216216,0.024390244,0,0.016326531,0,0,0.057142857,0.004524887,0.005025126,0,0.008888889,0.026200873,0,0,0.023622047,0.008264463,0,0,0.051428571,0,0.014285714,0,0.008695652,0.010238908,0,0,0,0.042105263,0.039800995,0.027173913,1
0,0.005524862,0.013761468,0.042735043,0.058333333,0.04950495,0.217142857,0.010526316,0,0.021164021,0,0,0.027027027,0.003508772,0,0.007117438,0.027027027,0.020304569,0.003496503,0.005291005,0.005208333,0.012987013,0,0,0.027586207,0,0,0,0.008064516,0.012987013,0,0,0,0.050724638,0.017006803,0.021459227,1
0,0.014925373,0.023364486,0.034188034,0.147321429,0.070967742,0.630252101,0.065420561,0,0.028776978,0,0.016806723,0.015873016,0,0,0.004587156,0.09009009,0.040677966,0.004081633,0.023529412,0.014285714,0.067226891,0.003597122,0,0.145985401,0,0.040268456,0.004504505,0.074766355,0.038709677,0,0.005319149,0.004716981,0.12037037,0.025735294,0.073529412,1
0,0.003875969,0.035087719,0.033519553,0.211111111,0.043269231,0.612403101,0.04587156,0,0.025,0,0,0.045685279,0.021276596,0,0,0.032846715,0.051401869,0,0.006872852,0.013888889,0.031847134,0.00462963,0,0.110497238,0,0.017123288,0,0.062992126,0.036809816,0,0,0.015151515,0.138888889,0.125,0.056179775,1
0,0,0.005102041,0.014492754,0.049833887,0.021390374,0.196202532,0.013333333,0,0.013745704,0,0,0.06870229,0.005494505,0,0,0.022140221,0.017857143,0,0.004291845,0.012195122,0.008695652,0,0,0.056,0,0.003759398,0,0.010810811,0.021008403,0,0.007692308,0,0.014869888,0.003717472,0.041984733,1
0,0,0.016129032,0,0.118012422,0.019230769,0.317919075,0.015151515,0,0.018779343,0,0.010526316,0.026785714,0.003508772,0,0,0.033057851,0.051162791,0,0.01843318,0.003968254,0.034146341,0,0.003558719,0.065217391,0,0,0,0.023474178,0.024590164,0,0.004291845,0,0.017921147,0.052631579,0.06097561,1
0.007936508,0.003424658,0.010380623,0.004310345,0.106382979,0.048484848,0.210526316,0.020408163,0,0.032520325,0.004132231,0,0.028248588,0.008810573,0.004255319,0.006896552,0.038095238,0.027777778,0.008,0.005649718,0.024154589,0.037593985,0,0.003448276,0.037974684,0,0.010344828,0,0.017467249,0.028735632,0,0.010526316,0.007692308,0.08411215,0.044585987,0.06,1
0,0,0.020746888,0.03164557,0.081081081,0.104,0.354497354,0.032,0,0.033898305,0.004784689,0,0.053030303,0.00621118,0,0,0.045801527,0.010638298,0,0,0.013761468,0.025641026,0,0,0.113636364,0,0.012048193,0,0.032894737,0.010928962,0,0.004975124,0,0.064356436,0.040441176,0.059574468,1
0,0.00952381,0.038216561,0.044354839,0.156862745,0.058577406,0.31010453,0.038216561,0.005434783,0.020304569,0.005405405,0.008130081,0.081967213,0.004081633,0.008547009,0,0.085714286,0.031674208,0,0.019736842,0.013333333,0.030567686,0,0.006578947,0.188976378,0,0.014869888,0,0.034285714,0.025,0,0.006849315,0.008695652,0.064846416,0.046610169,0.168141593,1
0.003508772,0.009950249,0.010869565,0.003802281,0.082758621,0.044198895,0.266055046,0.05982906,0.004166667,0.01980198,0,0,0.046413502,0.005291005,0,0,0.045045045,0.021052632,0,0.010676157,0.013513514,0.010152284,0,0,0.072916667,0,0.008097166,0.008547009,0,0.03539823,0,0.017391304,0,0.051948052,0.016393443,0.048128342,1
0,0.006802721,0.017167382,0.038461538,0.085201794,0.052238806,0.186915888,0.025641026,0,0.025806452,0,0.018691589,0.01734104,0.014388489,0,0,0.023809524,0.056603774,0,0,0,0.016949153,0,0,0.121428571,0,0.003597122,0,0.04379562,0.01369863,0.006711409,0.004504505,0.009345794,0.04516129,0.013513514,0.031914894,1
0.009259259,0.007352941,0.004901961,0.018181818,0.097457627,0.027131783,0.432748538,0.044692737,0.011111111,0.019230769,0.007751938,0,0.036,0.0125,0.003773585,0,0.045685279,0.04964539,0,0.01863354,0.003649635,0.014018692,0.008130081,0.003436426,0.104166667,0,0.009259259,0,0.027624309,0.021582734,0,0.004444444,0,0.073619632,0.025252525,0.064516129,1
0.006944444,0,0,0,0.102564103,0.017045455,0.193877551,0.004830918,0,0.021390374,0.012658228,0.008888889,0.045801527,0,0,0,0.038167939,0.021978022,0.00921659,0.00625,0,0,0.015503876,0,0.079268293,0,0.006920415,0,0.024,0.012269939,0,0,0,0.029411765,0.0390625,0.115384615,1
0.003717472,0.003717472,0.019083969,0.024291498,0.197740113,0.060869565,0.717741935,0.021978022,0,0.025641026,0,0.007575758,0.050724638,0.004694836,0,0.010526316,0.160714286,0.042105263,0,0.00913242,0,0.023255814,0,0,0.079365079,0,0.003937008,0,0.017391304,0.033557047,0,0,0,0.053278689,0.058823529,0.094420601,1
0,0.010526316,0.012195122,0.010526316,0.158730159,0.023972603,0.204152249,0.012931034,0,0.024242424,0,0,0.07826087,0.008130081,0,0,0.028248588,0.026431718,0.004255319,0.020689655,0.004761905,0.033333333,0,0,0.077294686,0,0.015384615,0,0.016877637,0.010169492,0,0.00952381,0.004366812,0.086206897,0.038095238,0.063157895,1
0,0.006369427,0.004,0.008230453,0.145833333,0.078125,0.294605809,0.037974684,0.004504505,0.032,0,0.008,0.093567251,0.008474576,0,0,0.053030303,0.037267081,0,0.014869888,0.015267176,0.042553191,0.009852217,0,0.077981651,0,0.005405405,0,0.015151515,0.027210884,0,0,0,0.06010929,0.086124402,0.07960199,1
0,0,0,0.009049774,0.048245614,0.019047619,0.280254777,0.008064516,0,0.016736402,0,0,0.005434783,0.010152284,0,0,0.040983607,0.020408163,0.008547009,0.00877193,0.038095238,0.004524887,0.005025126,0,0.035555556,0,0.012658228,0,0.023622047,0.016528926,0.003717472,0,0.005714286,0.02,0.019047619,0.047945205,1
0,0.008474576,0.017699115,0.021857923,0.084210526,0.034825871,0.293478261,0.022813688,0.003448276,0.022099448,0,0,0.016666667,0,0.011428571,0,0.029535865,0.010582011,0,0,0.018018018,0.007017544,0.011904762,0,0.101351351,0,0.006993007,0,0.020833333,0.012987013,0,0.017094017,0,0.10619469,0.03125,0.086956522,1
0,0.004098361,0.005347594,0.008298755,0.217391304,0.037414966,0.274678112,0.057692308,0,0.029850746,0,0,0.017857143,0.006451613,0,0,0.057803468,0.021582734,0.016528926,0.016806723,0.007936508,0.044025157,0.004672897,0,0.153153153,0,0.020408163,0,0.021428571,0.033613445,0,0,0.00729927,0.065068493,0.033557047,0.040540541,1
0.006451613,0.004504505,0.015957447,0.004716981,0.212962963,0.029411765,0.220588235,0.007272727,0,0.015503876,0,0,0.027777778,0,0,0,0.024,0.025,0.00754717,0,0,0.014184397,0,0.00621118,0.051094891,0,0.012195122,0,0.0625,0.025477707,0,0,0.005524862,0.025179856,0.003424658,0.053333333,1
0,0.015151515,0.037634409,0.022727273,0.229166667,0.0703125,0.355805243,0.021201413,0,0.022727273,0.005102041,0.014492754,0.023255814,0.005347594,0.006329114,0,0.076335878,0.030927835,0,0.012448133,0.015267176,0.016483516,0.004608295,0,0.073800738,0,0.015503876,0.004291845,0.018292683,0.043478261,0,0.003952569,0.008,0.085889571,0.026315789,0.080213904,1
0,0.0078125,0.007692308,0.022222222,0.074349442,0.018587361,0.198473282,0.016194332,0,0.017391304,0.008064516,0,0.037267081,0.019230769,0.005780347,0,0.028985507,0.037558685,0.006756757,0.010526316,0.017857143,0.007017544,0,0,0.037190083,0,0,0,0,0.048780488,0,0.003558719,0,0.026845638,0.004385965,0.124087591,1
0,0,0,0.008810573,0.05734767,0.005263158,0.219512195,0.031578947,0,0.01369863,0,0,0.026595745,0,0,0.003401361,0.017391304,0.040650407,0.004132231,0,0.005649718,0.008810573,0.008510638,0,0.066666667,0,0,0.005649718,0.014492754,0.030075188,0,0,0,0.023728814,0.024137931,0.038095238,1
0.005747126,0.00952381,0.005263158,0.023076923,0.280373832,0.031847134,0.304,0.012345679,0.005208333,0.03125,0,0,0.045045045,0,0,0.016,0.029239766,0.076271186,0,0.03030303,0,0.01863354,0,0,0.175572519,0,0.014778325,0,0.02293578,0.021978022,0,0,0,0.068027211,0.072289157,0.048275862,1
0,0,0.004975124,0.008097166,0.099009901,0.051470588,0.217021277,0.022624434,0,0.019047619,0,0.004032258,0.039215686,0,0.003484321,0.006369427,0.038043478,0.015228426,0,0.008130081,0.016393443,0.008163265,0.008547009,0,0.047619048,0,0.010050251,0.006578947,0.004444444,0.013100437,0,0.006578947,0.007874016,0.020661157,0.033457249,0.056701031,1
0,0.004761905,0.003424658,0.017391304,0.037542662,0.012711864,0.362831858,0.010928962,0,0.019900498,0.010869565,0,0.003448276,0,0,0,0.025,0.00990099,0.005714286,0.003508772,0.008438819,0.005291005,0,0,0.081081081,0,0.005952381,0,0.02027027,0.005076142,0,0,0,0.043290043,0.012145749,0.051282051,1
0,0.00390625,0.052173913,0.032258065,0.138528139,0.040983607,0.443850267,0.029045643,0,0.013605442,0,0,0.049327354,0.029850746,0.009345794,0,0.049107143,0.064516129,0,0.065420561,0.023121387,0.050359712,0.008264463,0,0.107142857,0,0.023364486,0,0.036036036,0.023728814,0,0.017647059,0.007142857,0.117647059,0.028776978,0.103448276,1
0.003424658,0.006711409,0.009009009,0.028037383,0.232258065,0.054054054,0.425531915,0.004716981,0,0.014705882,0.009803922,0,0.033898305,0,0,0,0.05,0.038461538,0,0.027522936,0.008,0.05,0,0,0.121827411,0,0.00913242,0.00621118,0.010948905,0.028037383,0,0,0.006944444,0.076433121,0.013888889,0.089285714,1
0.003597122,0.003424658,0.008888889,0.015748031,0.073619632,0.02020202,0.268817204,0.015151515,0,0.03125,0,0.007067138,0,0.005681818,0,0.004830918,0.006644518,0.021390374,0.006329114,0,0,0.003436426,0,0,0.083969466,0,0.00921659,0,0.014760148,0.017857143,0,0,0.012195122,0.034782609,0.006920415,0.023715415,1
0,0.003759398,0.016042781,0.010810811,0.042016807,0.0625,0.392307692,0.022222222,0,0.014869888,0.003816794,0,0.028248588,0.004347826,0,0,0.049689441,0.057692308,0.005780347,0,0.02173913,0.004694836,0,0,0.116071429,0,0.00862069,0,0.008264463,0.03255814,0,0,0,0.053658537,0.019685039,0.035587189,1
0,0,0.051094891,0.018779343,0.172131148,0.064171123,0.373390558,0.022026432,0.003584229,0.021052632,0,0.010526316,0.047619048,0.010273973,0,0.004310345,0.063829787,0.036363636,0,0.017006803,0.017391304,0.024390244,0.008264463,0,0.056497175,0,0.004255319,0.006896552,0.019047619,0.038888889,0,0.005649718,0,0.090225564,0.076923077,0.051724138,1
0,0,0.00952381,0.004366812,0.155172414,0.033333333,0.352631579,0.030769231,0,0.025477707,0,0.004115226,0.026041667,0.0078125,0,0.012658228,0.054054054,0.048,0,0.024,0.005847953,0.025423729,0,0,0.083333333,0,0.005,0,0.022900763,0.021276596,0,0.013761468,0,0.021978022,0.016216216,0.068181818,1
0,0.006024096,0.020689655,0.006578947,0.158469945,0.04784689,0.28358209,0.004048583,0,0.014705882,0,0.004524887,0.026315789,0,0,0,0.044117647,0.037656904,0,0.006369427,0,0.010152284,0.010810811,0.008130081,0.090163934,0,0.025641026,0,0,0.018099548,0,0.006578947,0,0.052401747,0.018987342,0.065789474,1
0,0.007434944,0.005154639,0.011428571,0.115,0.028571429,0.270547945,0.043478261,0,0.016949153,0,0.010928962,0.024561404,0.004975124,0,0,0.020689655,0.038674033,0.004587156,0.008547009,0.016666667,0.044554455,0,0,0.088607595,0,0.01056338,0.005128205,0.036036036,0.024561404,0,0.007117438,0.006756757,0.07106599,0.024475524,0.08994709,1
0,0.004048583,0.017094017,0.003448276,0.053097345,0.0234375,0.4,0.032258065,0,0.016393443,0,0.004149378,0.036231884,0.006802721,0,0.019230769,0.035874439,0.02238806,0,0.025641026,0,0.012903226,0,0,0.028901734,0,0.024793388,0,0.023809524,0.031446541,0,0,0,0.020338983,0.008163265,0.023529412,1
0,0.003597122,0.027586207,0.00729927,0.058219178,0.046979866,0.207207207,0.037383178,0,0.018018018,0,0,0.018518519,0.003676471,0,0,0.021186441,0.003875969,0,0.011173184,0.005555556,0.004807692,0,0,0.024,0,0.003773585,0,0.010152284,0.014184397,0,0,0.003649635,0.037383178,0.020325203,0.024054983,1
0,0.00462963,0.008928571,0.011049724,0.061151079,0.017123288,0.235555556,0.05511811,0,0.02020202,0,0,0.041666667,0,0,0.003533569,0.085470085,0.022727273,0.005102041,0.009661836,0.003322259,0.010695187,0,0.004444444,0.099236641,0,0.01025641,0.004149378,0.015267176,0.021978022,0.004608295,0.00625,0,0.089285714,0.054263566,0.060085837,1
0,0.006920415,0.015810277,0.008,0.190184049,0.041353383,0.417112299,0.037837838,0,0.03125,0.030769231,0,0.029739777,0.011152416,0,0,0.11299435,0.017391304,0,0.018315018,0.01863354,0.038461538,0,0.015151515,0.094202899,0,0.060810811,0,0.080357143,0.01754386,0,0.00456621,0,0.093023256,0.03125,0.059907834,1
0.004878049,0.007874016,0.014234875,0.017391304,0.10738255,0.043859649,0.605839416,0.023474178,0,0.021390374,0,0,0.025089606,0.005263158,0,0.005263158,0.087301587,0.017123288,0.006920415,0.017241379,0.021276596,0.024242424,0,0,0.191304348,0,0.004132231,0,0.04519774,0.013215859,0,0.006896552,0,0.088888889,0.088,0.124293785,1
0,0.023076923,0.031034483,0.042194093,0.105084746,0.031034483,0.347619048,0.026200873,0,0.019047619,0,0,0.112149533,0.01910828,0.008,0.008230453,0.046875,0.0390625,0.008298755,0.018987342,0.013513514,0.032,0,0,0.087719298,0,0.004784689,0.007575758,0.037878788,0.01863354,0,0.007434944,0.015267176,0.063829787,0.034482759,0.105504587,1
0,0,0.015151515,0.037878788,0.197278912,0.060240964,0.255172414,0.026315789,0.005464481,0.019138756,0,0.004048583,0.034653465,0.014705882,0,0,0.074561404,0.019047619,0,0.008064516,0.009803922,0.020920502,0.003484321,0.006369427,0.081521739,0,0.010810811,0,0.032786885,0.012244898,0,0.00877193,0.00952381,0.081447964,0.060301508,0.105263158,1
0,0,0.006578947,0.023622047,0.099173554,0.018587361,0.278350515,0.022857143,0,0.019047619,0,0,0.013651877,0.004237288,0,0,0.010526316,0.009950249,0,0.003802281,0.003448276,0.027624309,0,0,0.05,0,0.005714286,0.003508772,0.029535865,0.058201058,0,0.005128205,0.009009009,0.038596491,0.035714286,0.046263345,1
0,0.003496503,0.005291005,0.015625,0.095238095,0.044534413,0.623931624,0.017241379,0.017699115,0.015625,0.008695652,0,0.034632035,0.004098361,0,0.004149378,0.086956522,0.017006803,0.004291845,0.009615385,0.00896861,0.02238806,0,0,0.102678571,0,0.016806723,0,0.040462428,0.021582734,0,0,0,0.081761006,0.056074766,0.055045872,1
0,0.004081633,0.029411765,0.007142857,0.142857143,0.010791367,0.24137931,0.01459854,0,0.026845638,0,0,0.012903226,0.009009009,0,0.004716981,0.055555556,0.007352941,0.004901961,0.003636364,0.004237288,0.007751938,0,0,0.05,0,0.015503876,0.009174312,0.012,0.05,0,0.014634146,0,0.042553191,0.00456621,0.02484472,1
0,0.004065041,0.010309278,0.034722222,0.21656051,0.060185185,0.410714286,0.011049724,0,0.01369863,0.004444444,0,0.055214724,0.01010101,0,0,0.055555556,0.0546875,0,0.021201413,0,0.028409091,0.010204082,0,0.066445183,0,0,0,0.007633588,0.024054983,0.005128205,0.004149378,0.022900763,0.071428571,0.050691244,0.13125,1
0.017857143,0.015503876,0.017167382,0.018292683,0.27826087,0.010380623,0.154150198,0.024,0,0.015037594,0.010695187,0.005405405,0.016806723,0.015625,0,0,0.018587361,0.003717472,0.003816794,0.008097166,0.011299435,0.013043478,0,0,0.099378882,0,0.023121387,0,0.007246377,0.018779343,0,0,0,0.01754386,0.00862069,0.054794521,1
0,0.00625,0.013824885,0.007936508,0.092682927,0.019685039,0.163701068,0.026086957,0,0.01754386,0,0,0.016393443,0.010695187,0,0,0.025089606,0.042105263,0,0.005263158,0,0.006849315,0,0,0.079787234,0,0.003508772,0.003401361,0.008695652,0.048780488,0,0.007380074,0.005649718,0.035242291,0.017021277,0.04137931,1
0,0,0,0.004830918,0.135338346,0.046153846,0.210344828,0.021097046,0,0.013793103,0.004761905,0.004366812,0.011494253,0.014285714,0.005263158,0,0.065420561,0.031847134,0,0.008230453,0.005208333,0.0390625,0.004149378,0,0.072072072,0,0.005291005,0,0.011695906,0.025423729,0,0,0,0.049689441,0.01,0.059479554,1
0,0,0,0,0.065934066,0.027027027,0.325757576,0.007575758,0,0.024096386,0.003448276,0,0.021857923,0,0,0,0.024752475,0.018382353,0.004255319,0.004524887,0.004385965,0.004761905,0.012738854,0.004032258,0.044117647,0,0.010452962,0,0.010869565,0.015228426,0,0,0,0.028571429,0.034188034,0.043859649,1
0,0.005025126,0,0.008888889,0.069868996,0.056962025,0.263157895,0.023622047,0.004132231,0.014869888,0,0,0.02,0.004761905,0,0,0.020477816,0.016949153,0,0.021857923,0.003508772,0.019900498,0,0,0.027586207,0,0,0,0,0.014851485,0,0.003508772,0.008438819,0.037037037,0.024647887,0.046153846,1
0,0.011904762,0,0.027027027,0.126903553,0.048951049,0.306878307,0.005208333,0.004329004,0.016194332,0,0,0.097345133,0.00390625,0,0,0.047619048,0.024590164,0.005347594,0,0.007246377,0.017006803,0,0.009615385,0.067264574,0,0.018691589,0.008547009,0.008928571,0.025806452,0,0.009345794,0.01734104,0.129496403,0.049586777,0.050420168,1
0,0,0,0.027027027,0.081355932,0.024489796,0.229411765,0.042857143,0,0.014388489,0,0,0.006849315,0.006711409,0,0.009345794,0.058064516,0.022522523,0.005319149,0.004716981,0.009259259,0.003676471,0.004901961,0,0.072033898,0,0.005847953,0,0.005555556,0.009615385,0,0,0,0.03125,0.018867925,0.053658537,1
0,0.00456621,0.01863354,0.010948905,0.102803738,0.016260163,0.240549828,0.027777778,0,0.018518519,0,0,0.025179856,0.003424658,0,0.007874016,0.018404908,0.01010101,0,0.022727273,0.006944444,0.0390625,0,0,0.128205128,0,0.010204082,0,0.009966777,0.016042781,0,0.008888889,0.007633588,0.034364261,0.025641026,0.058091286,1
0,0,0.00625,0.014760148,0.077380952,0.054263566,0.107296137,0.006097561,0,0.01384083,0,0,0.036809816,0.003759398,0,0,0.012605042,0.0234375,0.007692308,0.005555556,0,0.003717472,0,0,0.039548023,0,0.008064516,0,0.01242236,0.012820513,0,0,0.007246377,0.051643192,0.02027027,0.068421053,1
0.003508772,0.00862069,0.02283105,0.016528926,0.190697674,0.075,0.373271889,0.023809524,0.004878049,0.015748031,0,0.004347826,0.030201342,0.01754386,0,0,0.053278689,0.032085561,0.008583691,0.008810573,0.010752688,0,0.006097561,0,0.158730159,0,0.017301038,0,0.010638298,0.042424242,0,0.003401361,0.017391304,0.113821138,0.045454545,0.088560886,1
0,0,0.020689655,0.00952381,0.183333333,0.088,0.322033898,0.033816425,0,0.030769231,0,0.012658228,0.016949153,0.010344828,0,0,0.091954023,0.038095238,0,0.023076923,0,0.025477707,0,0,0.067708333,0,0.004149378,0,0.022522523,0.04,0.005291005,0.024,0.01754386,0.110169492,0.057416268,0.121212121,1
0,0.015,0.018587361,0.022900763,0.154255319,0.004926108,0.298165138,0.013761468,0,0.021621622,0.007575758,0,0.074829932,0,0,0.013157895,0.054644809,0.043062201,0,0.004048583,0.01980198,0.011029412,0.004255319,0,0.074561404,0,0.006369427,0,0.024509804,0.020920502,0,0.012738854,0.010869565,0.045685279,0.054054054,0.097560976,1
0,0.034188034,0.00877193,0.028571429,0.162895928,0.030150754,0.447368421,0.026666667,0,0.025316456,0.006578947,0,0.016528926,0.007434944,0,0,0.05,0.028571429,0,0.060869565,0.003412969,0.025423729,0,0,0.066666667,0,0.02173913,0,0.020689655,0.027624309,0,0.008547009,0,0.089108911,0.028571429,0.059649123,1
0,0.003521127,0.01025641,0.036036036,0.09122807,0.06547619,0.231316726,0.047297297,0,0.013986014,0,0,0.021645022,0.004048583,0,0.003448276,0.061946903,0.03125,0.008695652,0.016129032,0,0.012295082,0,0,0.108695652,0,0.012875536,0,0.00896861,0.044776119,0,0,0.008928571,0.064516129,0.067226891,0.186915888,1
0,0,0.012605042,0.003968254,0.113207547,0.042056075,0.21559633,0.027027027,0,0.016326531,0,0,0.016806723,0.003597122,0,0,0.020547945,0.020134228,0.009009009,0,0,0.004504505,0.005319149,0,0.12962963,0,0.009803922,0.003636364,0.021186441,0.031007752,0,0.011173184,0.005555556,0.043269231,0.046511628,0.091743119,1
0.00625,0,0.009756098,0.010152284,0.191489362,0.0456621,0.335403727,0.010948905,0,0.016260163,0,0,0.038216561,0.009259259,0,0.005524862,0.035971223,0.037671233,0.004444444,0.047244094,0.042944785,0.01010101,0.005376344,0,0.097222222,0,0.02247191,0,0.025641026,0.0625,0,0.004830918,0,0.058823529,0.03164557,0.066666667,1
0.003436426,0.020512821,0,0.030534351,0.181318681,0.023041475,0.5125,0.018450185,0.005952381,0.031007752,0,0,0.095652174,0.010380623,0,0,0.067484663,0.026315789,0,0.010810811,0.008403361,0.015625,0,0,0.044609665,0,0.007633588,0,0.033898305,0.02173913,0,0.007326007,0.00621118,0.096153846,0.104046243,0.098484848,1
0,0,0.021052632,0.035714286,0.094736842,0.043103448,0.278538813,0.024793388,0,0.025,0.00921659,0.003968254,0.029268293,0,0,0.004347826,0.013422819,0.043859649,0,0.004694836,0.004098361,0.016042781,0.008583691,0,0.053763441,0,0.024390244,0.005263158,0.007936508,0.017123288,0,0.00862069,0.005319149,0.084848485,0.014035088,0.034013605,1
0,0.008264463,0.007380074,0.02259887,0.127753304,0.046808511,0.579310345,0.023809524,0.005555556,0.032,0,0.014492754,0.052631579,0.007692308,0,0,0.054237288,0.024137931,0,0.008733624,0,0.019047619,0.005263158,0,0.168224299,0,0.012,0,0.010416667,0.0390625,0,0.012658228,0.009009009,0.096,0.037037037,0.152,1
0,0.004784689,0.053030303,0.03030303,0.211180124,0.025,0.371747212,0.045801527,0,0.019704433,0.004587156,0,0.032967033,0.010810811,0,0.007575758,0.12244898,0.054216867,0,0.039473684,0.010928962,0.014354067,0,0.004048583,0.089108911,0,0.008510638,0,0.030701754,0.033333333,0,0.004032258,0.004901961,0.041841004,0.027874564,0.082802548,1
0,0,0.024390244,0.024590164,0.097959184,0.102564103,0.337719298,0.114285714,0,0.020100503,0.006578947,0,0.034934498,0.018987342,0,0.015748031,0.033057851,0.011152416,0,0.022857143,0.015,0.019047619,0.006849315,0.008695652,0.061433447,0,0.026548673,0,0.01754386,0.014925373,0,0.011406844,0,0.055248619,0.009174312,0.094017094,1
0.004950495,0.022857143,0.010526316,0.021097046,0.195767196,0.045774648,0.446153846,0.045045045,0,0.023809524,0.003558719,0.006756757,0.065989848,0.01048951,0,0.010416667,0.064935065,0.036437247,0,0.010344828,0.008849558,0.03125,0,0,0.090909091,0,0.010695187,0.008298755,0.02173913,0.030612245,0,0,0.00896861,0.104477612,0.065420561,0.128205128,1
0,0.008403361,0.065420561,0.01734104,0.230215827,0.074380165,0.298319328,0.015873016,0,0.018691589,0,0,0.033898305,0,0,0.007142857,0.058823529,0.017985612,0.013793103,0,0.006849315,0.040268456,0,0.009345794,0.141935484,0,0.015957447,0,0.046296296,0.014705882,0,0.003636364,0.004237288,0.027131783,0.058479532,0.05027933,1
0,0.007751938,0.018348624,0.016,0.09375,0.018867925,0.219512195,0.010152284,0,0.01826484,0.00621118,0.003649635,0.018691589,0,0,0.006944444,0.050955414,0.018518519,0,0,0,0.010273973,0,0,0.049079755,0,0.005376344,0.007575758,0.006944444,0.0390625,0,0.003533569,0,0.034090909,0.020408163,0.043478261,1
0,0.006329114,0.026666667,0.038167939,0.072164948,0.035897436,0.290456432,0.061068702,0,0.01843318,0,0.003690037,0.047619048,0.007751938,0.004291845,0.006097561,0.07826087,0.017301038,0.007905138,0.024,0,0.015037594,0,0,0.050420168,0,0.015384615,0,0.011152416,0.011152416,0,0.004048583,0,0.052173913,0.064516129,0.051282051,1
0,0.011560694,0.022727273,0.014492754,0.187793427,0.087837838,0.347368421,0.035714286,0,0.017241379,0,0,0.023255814,0.01875,0.013824885,0,0.063414634,0.051181102,0.007117438,0,0.003355705,0.021929825,0,0,0.081967213,0,0.012875536,0,0.014336918,0.005263158,0,0,0.007936508,0.04109589,0.024221453,0.068965517,1
0,0,0.003401361,0.026086957,0.162601626,0.004132231,0.195571956,0.039548023,0,0.017021277,0,0.014285714,0.05,0.024,0,0.004830918,0.082706767,0.053846154,0.003448276,0.016877637,0,0.013793103,0,0,0.057471264,0,0.015789474,0,0.009345794,0.038216561,0,0,0,0.0546875,0.041493776,0.107594937,1
0.008,0,0.024,0.046783626,0.288135593,0.043062201,0.46969697,0.03030303,0,0.02,0,0.007633588,0.031914894,0.004926108,0.004587156,0.004587156,0.04029304,0.043243243,0.007575758,0.022727273,0.013605442,0.024096386,0,0.006578947,0.043715847,0,0.009950249,0,0.01980198,0.007352941,0,0.022624434,0,0.071428571,0.063694268,0.084677419,1
0,0,0.01910828,0.038043478,0.106598985,0.043243243,0.56097561,0.049180328,0,0.034188034,0.004385965,0,0.013574661,0.005025126,0.013157895,0,0.065502183,0.03164557,0.006578947,0.015748031,0.008264463,0.026022305,0,0,0.095,0,0.006849315,0,0.017064846,0.012711864,0,0.005464481,0.007017544,0.07960199,0.038043478,0.053231939,1
0,0,0.017094017,0.0375,0.178217822,0.08,0.301754386,0.037974684,0.005291005,0.014084507,0,0.009009009,0.042105263,0.035714286,0,0.006756757,0.076142132,0.006993007,0.005291005,0.005208333,0.004329004,0.020242915,0.008547009,0,0.168141593,0,0.008695652,0.008064516,0.025974026,0.032786885,0,0.008298755,0.007246377,0.040816327,0.038626609,0.115384615,1
0,0,0.051282051,0.008928571,0.15483871,0.075630252,0.579439252,0.023121387,0,0.033057851,0,0,0.037735849,0.009345794,0,0.009009009,0.020338983,0.032653061,0,0.007142857,0.016806723,0.010791367,0.020689655,0,0.034246575,0,0.004504505,0.009345794,0.032258065,0.009009009,0.005319149,0,0.009259259,0.025735294,0.019607843,0.050909091,1
0,0.011695906,0.027932961,0.011111111,0.091346154,0.062015504,0.412844037,0.012,0.00625,0.01509434,0,0,0.028368794,0,0.00621118,0.003649635,0.037383178,0.024390244,0.003436426,0.006944444,0.006369427,0.009259259,0.008928571,0,0.053956835,0,0.008888889,0,0.024539877,0.02020202,0,0.022727273,0,0.0234375,0.007490637,0.049469965,1
0,0,0.019323671,0.003322259,0.112299465,0.056962025,0.266666667,0.015267176,0,0.020512821,0,0,0.049450549,0.004608295,0,0,0.05952381,0.007751938,0.012875536,0.006097561,0.008695652,0.017301038,0,0,0.079754601,0,0.016042781,0,0.029411765,0.03125,0,0,0.007434944,0.040892193,0.026717557,0.04048583,1
0,0.024193548,0.003663004,0.02484472,0.115384615,0.046242775,0.272727273,0.02173913,0,0.027027027,0,0,0.014035088,0,0,0,0.023255814,0.03125,0,0,0.004878049,0.015748031,0,0,0.016778523,0,0.01459854,0.004694836,0.004098361,0.005347594,0,0,0,0.026315789,0.012195122,0.063157895,1
0,0.01384083,0.021551724,0,0.606060606,0,0,0.373913043,0.024390244,0.016528926,0.003690037,0.033898305,0.004405286,0.008510638,0,0.014285714,0,0.16,0,0.072463768,0.022556391,0.230769231,0.003448276,0.004219409,0.016949153,0,0.052380952,0.017467249,0,0,0.021052632,0,0.037383178,0.114649682,0,0.008230453,2
0.0078125,0.008298755,0.037974684,0,0.912,0,0,0.239766082,0.016949153,0.019138756,0,0.015151515,0,0.005,0,0.007633588,0,0.128078818,0,0.041284404,0.014652015,0.140540541,0.007575758,0.007575758,0.047619048,0,0.044827586,0,0,0.009569378,0.024875622,0,0.03960396,0.040441176,0,0,2
0.00952381,0,0.012096774,0,0.380753138,0,0,0.217391304,0.010152284,0.021621622,0,0.016393443,0,0.017094017,0,0,0,0.060301508,0,0.031111111,0.026200873,0.151898734,0,0.007874016,0.016528926,0,0.046391753,0,0,0.004761905,0.006849315,0,0.020477816,0.050847458,0,0,2
0.004975124,0.010869565,0.011406844,0,0.38121547,0,0,0.095833333,0.00990099,0.022857143,0,0.021097046,0.010582011,0,0,0,0.003508772,0.071428571,0,0.047297297,0.005076142,0.083916084,0,0.005208333,0.017316017,0,0.051282051,0.010344828,0,0,0.026086957,0.008064516,0.017316017,0.028688525,0,0.004149378,2
0,0.004291845,0.038461538,0,0.440298507,0,0,0.116071429,0,0.033613445,0,0.01734104,0,0,0,0,0,0.042056075,0,0.099099099,0.003389831,0.065306122,0.005882353,0,0.033613445,0,0.027586207,0,0,0.006711409,0,0,0.04516129,0.04954955,0,0.004716981,2
0.007352941,0.014705882,0.021818182,0,0.391472868,0,0,0.244444444,0.004807692,0.031007752,0.009174312,0.016,0,0,0,0,0,0.054794521,0,0.00729927,0.014018692,0.158536585,0.003436426,0.013888889,0.038216561,0,0.058035714,0,0,0.017123288,0.013333333,0.031496063,0.049079755,0.085858586,0,0.015151515,2
0.0078125,0.011235955,0.03180212,0,0.636363636,0,0,0.176079734,0,0.025316456,0,0.015267176,0,0.01025641,0,0.007633588,0,0.078341014,0,0.022140221,0.029761905,0.23255814,0.008583691,0.006097561,0.017391304,0,0.055335968,0.008,0,0.003759398,0.016042781,0,0.025210084,0.1328125,0,0,2
0,0.003816794,0.008097166,0,0.182608696,0,0,0.086956522,0.006410256,0.023121387,0,0.007246377,0,0.006756757,0,0,0,0.047413793,0,0.004132231,0.009302326,0.0875,0,0.003968254,0.004878049,0,0.010676157,0,0,0,0.01459854,0,0.008196721,0.053475936,0,0,2
0,0.012195122,0.026315789,0,0.147260274,0,0,0.095744681,0.018181818,0.014035088,0,0,0,0,0,0,0,0.029787234,0,0.00952381,0.005555556,0.096,0.005649718,0,0.015037594,0,0.010344828,0.004219409,0,0.006896552,0.00952381,0.004366812,0.022988506,0.038095238,0,0,2
0.01910828,0.004,0.012345679,0,0.734375,0,0,0.144144144,0.024,0.021164021,0,0.023391813,0,0.004784689,0,0,0.00621118,0.125,0,0.076335878,0.015957447,0.113300493,0,0.004587156,0.007326007,0,0.060606061,0.007575758,0,0.006024096,0.003448276,0.006578947,0.021857923,0.066985646,0,0,2
0.011029412,0.008510638,0.027149321,0,0.461904762,0,0,0.210784314,0.025104603,0.013937282,0,0.027173913,0,0.005405405,0,0,0,0.145299145,0,0.076190476,0.009049774,0.110552764,0.013157895,0.004444444,0.008733624,0,0.072368421,0.007874016,0,0.007434944,0.015463918,0.005714286,0.05,0.095238095,0,0,2
0.008474576,0.026548673,0.032786885,0,0.328358209,0,0,0.082758621,0.005524862,0.018348624,0,0.016666667,0,0.005714286,0,0.008438819,0,0.038732394,0,0.036036036,0.003508772,0.113095238,0,0,0.010152284,0,0.037037037,0.005208333,0,0.008097166,0.008547009,0.006896552,0.017699115,0.0390625,0,0,2
0,0.010695187,0.024896266,0,0.289115646,0,0,0.112107623,0.02238806,0.018691589,0,0.013392857,0.006451613,0.008403361,0,0.011560694,0,0.123966942,0,0.027777778,0.006289308,0.070093458,0.004587156,0,0.010169492,0,0.052941176,0,0,0.014388489,0.013793103,0.00729927,0.04109589,0.140939597,0,0.018691589,2
0,0.005319149,0.004716981,0,0.264705882,0,0,0.169491525,0.011627907,0.023391813,0,0.011111111,0,0.023255814,0,0.012,0,0.060377358,0,0.055837563,0.042553191,0.100456621,0.00621118,0.003649635,0.056074766,0,0.04467354,0,0,0.00462963,0.013392857,0,0.021582734,0.04109589,0,0,2
0.005050505,0,0.007575758,0,0.4375,0,0,0.179487179,0.028409091,0.020408163,0.004830918,0.013289037,0,0,0,0,0,0.061538462,0,0.053435115,0,0.059907834,0,0.003690037,0,0,0.021459227,0,0,0.003460208,0.003952569,0.008,0.030674847,0.015037594,0,0,2
0,0.007692308,0.022222222,0,0.289962825,0,0,0.169491525,0.008695652,0.032258065,0,0.01242236,0,0,0,0.007246377,0.004694836,0.114864865,0,0.071428571,0.010526316,0.11637931,0.00456621,0,0.013953488,0,0.041474654,0,0,0,0,0,0.013422819,0.057017544,0,0,2
0,0.012875536,0.017621145,0,0.3,0,0,0.261904762,0.010273973,0.01384083,0.004310345,0.037234043,0.006060606,0.003508772,0,0.008695652,0,0.033057851,0,0.033898305,0.004405286,0.085106383,0.006896552,0,0.05,0,0.033898305,0,0,0.007692308,0,0,0.027118644,0.010344828,0,0,2
0,0.010526316,0,0,0.292993631,0,0,0.114583333,0.0078125,0.01659751,0.006329114,0.009009009,0,0,0,0,0,0.057416268,0,0,0.00621118,0.035,0,0.007633588,0.010638298,0,0.036697248,0,0,0,0,0.007575758,0.034013605,0.048192771,0,0,2
0,0.014925373,0.012145749,0,0.224264706,0,0,0.096491228,0,0.025477707,0,0.014705882,0,0,0,0,0,0.037837838,0,0.081967213,0.016326531,0.170940171,0.013157895,0.00952381,0.018099548,0,0.039473684,0.008888889,0,0.006329114,0.019736842,0,0.008264463,0.059479554,0,0,2
0.004761905,0.003424658,0.043478261,0,0.292372881,0,0,0.129824561,0.009950249,0.02173913,0,0.013793103,0,0.013761468,0,0,0,0.102857143,0,0.037974684,0.021164021,0.052816901,0.005128205,0,0.014035088,0,0.021352313,0,0,0.003496503,0.015873016,0,0.034632035,0.04048583,0,0,2
0,0,0,0,0.155737705,0,0,0.144927536,0,0.017167382,0,0.004484305,0,0.004672897,0,0,0,0.084033613,0,0.040462428,0,0.20661157,0,0,0.012578616,0,0.032110092,0.018018018,0,0,0,0,0.008403361,0.04676259,0,0,2
0,0,0.009345794,0,0.220720721,0,0,0.185185185,0.007352941,0.019607843,0,0.008474576,0,0.005847953,0,0,0.004807692,0.054263566,0,0.008,0.0125,0.052830189,0.004878049,0.005076142,0.021276596,0,0.00621118,0.003649635,0.004672897,0.004065041,0.003436426,0,0.025477707,0.037037037,0,0.005524862,2
0.003424658,0.008888889,0.039370079,0,0.535353535,0,0.007575758,0.319444444,0.0234375,0.014981273,0,0.051282051,0.005681818,0,0,0.003322259,0,0.120253165,0,0.061068702,0.013745704,0.169230769,0,0,0.027472527,0,0.1,0.007380074,0,0,0.004291845,0,0.069565217,0.051903114,0,0.008,2
0.003759398,0.016042781,0.010810811,0,0.6875,0,0,0.152416357,0,0.015267176,0,0.011299435,0.004347826,0,0,0.00621118,0,0.086705202,0,0.079710145,0.018779343,0.148648649,0.010526316,0.008928571,0.024561404,0,0.03196347,0.008264463,0,0.00625,0.00921659,0,0.024390244,0.051181102,0,0,2
0.004385965,0.00729927,0.014084507,0,0.647058824,0,0,0.157706093,0.010526316,0.024390244,0,0.007936508,0,0.010380623,0,0.005319149,0,0.063157895,0,0.069565217,0.016260163,0.140495868,0.003690037,0.011299435,0.013215859,0,0.096551724,0.004761905,0.005555556,0.04,0.02259887,0.004830918,0.037593985,0.092307692,0,0.004219409,2
0.010344828,0.00952381,0.026200873,0,0.419047619,0,0,0.401869159,0.006369427,0.016,0.004115226,0.03125,0,0,0,0,0.008,0.137566138,0,0.093567251,0.025423729,0.14354067,0,0,0.049689441,0,0.063197026,0,0,0.014778325,0.027522936,0,0.04029304,0.064864865,0,0.007575758,2
0,0.003448276,0.026315789,0,0.354066986,0,0,0.143564356,0.007352941,0.017021277,0,0.013157895,0,0.006369427,0,0.009803922,0,0.041811847,0,0.10326087,0.005076142,0.118918919,0,0,0.008163265,0,0.039473684,0,0,0,0,0.004444444,0.013100437,0.113924051,0,0.007874016,2
0.007434944,0.005154639,0.022857143,0,0.352380952,0,0,0.112627986,0.012711864,0.03539823,0,0.014035088,0,0.010869565,0,0.010344828,0,0.055045872,0,0.020833333,0.024752475,0.182857143,0.003508772,0,0.010582011,0,0.066666667,0,0.003508772,0,0.003558719,0,0.035532995,0.059440559,0,0.005208333,2
0,0.025641026,0.013793103,0,0.21484375,0,0,0.138528139,0.004098361,0.021390374,0,0.02173913,0,0,0,0,0,0.056074766,0,0.044642857,0.012903226,0.109243697,0,0.005780347,0.014388489,0,0.037815126,0,0,0.009345794,0.013761468,0,0.006779661,0.053061224,0,0.007142857,2
0,0.006896552,0.01459854,0,0.469798658,0,0,0.193548387,0.004504505,0.021276596,0,0.018518519,0.003676471,0,0,0.004237288,0,0.058479532,0,0.055555556,0.004807692,0.23255814,0,0,0.04375,0,0.053658537,0.010152284,0,0.00456621,0.00621118,0.003649635,0.042056075,0.052845528,0,0,2
0.00462963,0.008928571,0.038674033,0,0.23630137,0,0,0.165644172,0.02020202,0.021505376,0.007575758,0,0.0078125,0,0,0.008547009,0,0.040816327,0,0.016611296,0.010695187,0.113924051,0.004444444,0,0.013745704,0,0.029045643,0.007633588,0,0.004608295,0.01875,0,0.05952381,0.07751938,0,0.006097561,2
0,0.003952569,0.032,0,0.157894737,0,0,0.06302521,0,0.030769231,0,0.007434944,0.003717472,0.011450382,0,0.005649718,0,0.096774194,0,0.02484472,0,0.132947977,0,0,0.004694836,0,0.015789474,0,0,0.004310345,0.00456621,0,0.004651163,0.05625,0,0,2
0,0,0.004347826,0,0.166666667,0,0,0.057377049,0.005347594,0.017167382,0.004405286,0,0.005263158,0,0,0.007936508,0,0.031141869,0,0.015957447,0.012121212,0.049122807,0,0,0.016260163,0,0.022140221,0,0,0,0.013793103,0,0.005555556,0.04,0,0,2
0,0.003448276,0.012658228,0,0.172413793,0,0,0.155172414,0.004761905,0.021052632,0,0.018691589,0,0,0,0,0,0.053941909,0,0.009009009,0.008,0.079365079,0.008,0.011695906,0.025423729,0,0.075757576,0,0,0.005,0.026022305,0,0.021276596,0.02955665,0,0.009174312,2
0,0.015151515,0.015151515,0,0.487951807,0,0,0.273224044,0.009569378,0.019900498,0,0.01980198,0.007352941,0.008510638,0,0.004385965,0,0.076433121,0,0.058823529,0.0041841,0.097560976,0,0.010869565,0.025380711,0,0.073170732,0,0,0.008547009,0.021929825,0.00952381,0.027149321,0.08040201,0,0,2
0.006329114,0,0.039370079,0,0.275092937,0,0,0.185,0.00952381,0.01369863,0,0.010238908,0,0,0,0.007017544,0,0.081521739,0,0.031034483,0.022099448,0.133027523,0.008547009,0.016666667,0.02970297,0,0.049122807,0,0,0.01056338,0.025641026,0,0.021052632,0.089285714,0.003558719,0.006756757,2
0.006993007,0,0.010416667,0,0.259109312,0,0,0.212389381,0.00390625,0.034782609,0,0.017316017,0,0,0,0.007246377,0,0.025751073,0,0.049327354,0.014925373,0.154205607,0,0,0.025806452,0,0.065420561,0,0,0.008264463,0.008403361,0,0.031446541,0.074766355,0,0.009009009,2
0,0.005882353,0.007142857,0,0.158273381,0,0.00729927,0.065068493,0.013422819,0.018018018,0,0.019354839,0,0,0,0.009259259,0,0.019607843,0,0.008474576,0,0.105263158,0.005586592,0.011111111,0.009615385,0,0.018348624,0.004,0,0.003773585,0.009756098,0,0.056737589,0.03196347,0,0,2
0.008130081,0.013745704,0.013888889,0,0.416666667,0,0,0.14028777,0.003424658,0.017777778,0.007874016,0.030674847,0.005050505,0.016129032,0,0,0,0.048689139,0,0.05982906,0.017045455,0.142857143,0.004830918,0.003322259,0.016042781,0,0.022222222,0,0,0.01025641,0.012448133,0,0.043956044,0.059907834,0,0,2
0,0.012875536,0.012195122,0,0.214532872,0,0,0.171779141,0,0.021390374,0,0.008403361,0,0,0,0,0,0.030534351,0,0.04519774,0.013043478,0.120967742,0,0,0.006410256,0,0.045454545,0,0,0.006756757,0.015789474,0.008928571,0,0.038793103,0,0,2
0.01875,0.00921659,0.003968254,0,0.307086614,0,0,0.117449664,0.013157895,0.02919708,0,0.008196721,0,0.004291845,0,0.003584229,0,0.067073171,0,0.063492063,0.006849315,0.114186851,0.004310345,0.005319149,0.018181818,0,0.023809524,0.017391304,0,0.004132231,0.007380074,0.011299435,0.022026432,0.05106383,0,0,2
0.008,0,0.019323671,0,0.330769231,0,0,0.047457627,0.003448276,0.019047619,0,0.005747126,0.004761905,0,0,0,0.006369427,0.032,0,0.041666667,0.0078125,0.045643154,0,0,0.024,0,0.048,0,0,0.009569378,0.007575758,0,0.01863354,0.05,0,0,2
0,0,0.009174312,0,0.335135135,0,0,0.197278912,0.006024096,0.013793103,0,0.010928962,0.004784689,0,0,0.004950495,0,0.059574468,0,0.021929825,0.019047619,0.121019108,0.008064516,0.004901961,0.037656904,0,0.057324841,0,0,0.010810811,0,0.016393443,0.008163265,0.128205128,0,0.00952381,2
0,0.013157895,0.013333333,0,0.284810127,0,0,0.05785124,0,0.020618557,0,0.01,0,0,0,0.003412969,0,0.097345133,0,0.010526316,0,0.059782609,0,0.006896552,0,0,0.051282051,0.004166667,0,0.011428571,0.007017544,0,0.037037037,0.024647887,0,0,2
0,0,0.02027027,0,0.223776224,0,0,0.086580087,0,0.034188034,0,0.017699115,0,0,0,0,0.004098361,0.064171123,0,0.036231884,0.006802721,0.098712446,0,0.004484305,0.037313433,0,0.051282051,0.008928571,0,0,0,0,0.043165468,0.099173554,0,0.003968254,2
0.004672897,0.009174312,0.018018018,0,0.191836735,0,0,0.050420168,0.003597122,0.027586207,0,0.003424658,0,0,0,0.006451613,0,0.069148936,0,0.018518519,0,0.093137255,0,0.004237288,0,0,0.033519553,0,0,0,0.027522936,0,0.01875,0.01509434,0,0,2
0.00913242,0,0.018248175,0,0.288617886,0,0,0.184713376,0.018518519,0.017857143,0.005524862,0.010791367,0,0.004444444,0,0,0,0.064516129,0,0.055555556,0.015625,0.08988764,0.003533569,0.008547009,0.011363636,0,0.033816425,0,0,0.012658228,0.017777778,0,0.027491409,0.066666667,0,0.022900763,2
0.004608295,0,0.003690037,0,0.387596899,0,0,0.2,0.003460208,0.015810277,0,0.018404908,0,0,0,0.004201681,0.0078125,0.076923077,0,0.014869888,0.011152416,0.057251908,0.004048583,0.005649718,0,0,0.003663004,0,0,0.005780347,0.007575758,0,0.014084507,0.033783784,0,0,2
0.00862069,0,0,0,0.31875,0,0,0.073170732,0.011811024,0.014234875,0,0,0.004385965,0,0,0.004098361,0,0.025751073,0,0.017921147,0,0.091463415,0,0,0.01369863,0,0.021551724,0,0,0,0.010204082,0,0.048780488,0.02892562,0,0.011299435,2
0.008510638,0.006896552,0.019047619,0,0.408,0,0,0.157894737,0.007692308,0.013793103,0,0.003389831,0,0,0,0.005747126,0,0.089473684,0,0.065420561,0.012738854,0.064,0.004115226,0,0.0390625,0,0.082278481,0,0,0,0.04,0,0.008474576,0.028708134,0,0,2
0,0,0.030534351,0,0.295566502,0,0.004587156,0.117216117,0.005405405,0.03030303,0.007575758,0.006802721,0.012048193,0.003448276,0,0.010928962,0,0.089552239,0,0.044554455,0.007352941,0.119148936,0.004524887,0,0.00952381,0,0.028225806,0,0,0.003484321,0.012738854,0,0.040609137,0.059459459,0,0,2
0.008547009,0.00877193,0.047619048,0,0.477386935,0,0,0.183406114,0.006329114,0.026315789,0.007874016,0.016528926,0.003717472,0,0,0,0,0.061643836,0,0.040955631,0.008474576,0.292035398,0,0.003508772,0.014925373,0,0.045627376,0,0,0,0.042735043,0.004166667,0.04950495,0.08,0,0,2
0.003521127,0.005128205,0.009009009,0,0.267857143,0,0,0.106598985,0,0.021164021,0,0.004329004,0.004048583,0,0,0.008849558,0,0.060869565,0,0.021645022,0.004098361,0.085561497,0,0,0.010204082,0,0.057692308,0.004484305,0,0,0.017094017,0.004464286,0,0.092436975,0,0,2
0.024793388,0.008403361,0.011904762,0,0.299065421,0,0,0.118644068,0.012244898,0.023529412,0,0,0.003597122,0.013793103,0,0,0,0.045045045,0,0.090322581,0.004504505,0.074468085,0,0.009259259,0.011029412,0,0.029090909,0,0,0.011695906,0,0,0.033653846,0.069767442,0,0,2
0.003773585,0.014634146,0.010152284,0,0.315068493,0,0,0.126168224,0.008130081,0.013745704,0.006944444,0.012738854,0,0,0,0.007194245,0,0.048888889,0,0.073619632,0.015151515,0.11827957,0.03030303,0.006944444,0.046875,0,0.014134276,0.008547009,0,0.005102041,0.014492754,0.003322259,0.032085561,0.075949367,0,0.007633588,2
0,0.008298755,0.045801527,0,0.34562212,0,0,0.172619048,0,0.017167382,0,0.008695652,0.003460208,0.007905138,0,0,0,0.080213904,0,0.042016807,0.0078125,0.269230769,0,0,0.022304833,0,0.028340081,0,0,0.008064516,0,0,0.025641026,0.098265896,0,0,2
0.006756757,0.010526316,0.0625,0,0.284482759,0,0,0.162790698,0.0125,0.01843318,0,0.014634146,0,0.003558719,0,0,0,0.124087591,0,0.049180328,0.021390374,0.115879828,0.004405286,0,0.015789474,0,0.026315789,0,0,0.003460208,0.012931034,0.005319149,0.054545455,0.042105263,0,0,2
0.004132231,0.014760148,0.028248588,0,0.387234043,0,0,0.25,0.032,0.02259887,0.009661836,0.030075188,0,0.006896552,0,0.003389831,0,0.114285714,0,0.057471264,0,0.152631579,0,0.028037383,0.025477707,0,0.057613169,0,0,0.004149378,0.006329114,0,0.056,0.079365079,0,0,2
0.009569378,0.03030303,0.03030303,0,0.28,0,0,0.138297872,0.004926108,0.018348624,0,0.014652015,0,0.022727273,0,0,0.006024096,0.048275862,0,0.027322404,0.004784689,0.139303483,0.004048583,0,0.003676471,0,0.022624434,0,0,0,0.024193548,0,0.025104603,0.038327526,0,0,2
0.005405405,0,0,0,0.384615385,0,0,0.081447964,0,0.026315789,0,0.004366812,0,0,0,0,0,0.06185567,0,0.015,0.014285714,0.082191781,0,0,0.008474576,0,0.027322404,0,0,0,0.003802281,0,0.027624309,0.027522936,0,0,2
0.005714286,0.014035088,0.012658228,0,0.144366197,0,0,0.073684211,0.011904762,0.014234875,0.006756757,0.005076142,0,0,0,0,0,0.076923077,0,0.026548673,0,0.147826087,0,0.012987013,0.004098361,0,0.037344398,0.007246377,0,0,0.009615385,0,0.014925373,0.028037383,0,0,2
0.008403361,0.018691589,0.028901734,0,0.438016529,0,0,0.113207547,0.009345794,0.018348624,0,0.003389831,0,0,0,0.016806723,0,0.096551724,0,0.02739726,0.013422819,0.058558559,0,0,0,0,0.023584906,0.009259259,0,0,0.003636364,0,0.015503876,0.052631579,0,0,2
0.007751938,0,0.012,0,0.237735849,0,0,0.156028369,0.01369863,0.02484472,0,0.004672897,0,0,0,0,0,0.035714286,0,0.028776978,0.006849315,0.106666667,0,0,0.01010101,0,0.037878788,0,0,0.011235955,0.003533569,0.008547009,0.028409091,0.040816327,0,0,2
0.012658228,0.008888889,0.053435115,0,0.492307692,0,0,0.225274725,0.013824885,0.025,0.003690037,0.053571429,0.007751938,0,0,0,0.003460208,0.086956522,0,0.079754601,0.015037594,0.14973262,0,0,0.0390625,0,0.05,0,0,0.003816794,0.024291498,0,0.039130435,0.193548387,0,0,2
0.011560694,0,0.02173913,0,0.364864865,0,0,0.080701754,0,0.01826484,0,0.009302326,0,0.004608295,0,0.004878049,0,0.039145907,0,0.010067114,0.021929825,0.102189781,0.009389671,0.004098361,0,0,0.022026432,0,0,0,0.015789474,0,0.010273973,0.044982699,0,0,2
0,0.003401361,0.026086957,0,0.280991736,0,0,0.101321586,0.021276596,0.027586207,0.00952381,0.027777778,0,0.005649718,0,0.007518797,0,0.04137931,0,0.010169492,0.003448276,0.09047619,0.008733624,0,0.023809524,0,0.069230769,0.018691589,0.006369427,0.004,0.008230453,0,0.015625,0.037344398,0,0,2
0,0.024,0.029239766,0,0.315789474,0,0,0.223602484,0.005,0.014869888,0,0.015957447,0.004926108,0,0,0,0,0.136363636,0,0.06122449,0.024096386,0.082758621,0.006578947,0,0,0,0.020242915,0,0,0,0.013574661,0.004385965,0.023809524,0.108280255,0,0.004901961,2
0.003484321,0,0.027173913,0,0.340540541,0,0,0.118367347,0.008547009,0.01754386,0.00952381,0.027149321,0,0,0,0.004366812,0,0.065789474,0,0.020661157,0.011152416,0.144329897,0,0.005,0.014285714,0,0.113043478,0,0,0,0.005464481,0,0.039800995,0.086956522,0,0,2
0.004587156,0.025641026,0.020833333,0,0.485714286,0,0,0.201058201,0.003521127,0.020512821,0,0.007017544,0,0,0,0.005076142,0,0.095238095,0,0.034632035,0.016194332,0.239316239,0,0,0.015625,0,0.120967742,0,0,0.005347594,0.008298755,0,0.027210884,0.072961373,0,0,2
0.014018692,0,0.026785714,0,0.621848739,0,0,0.215827338,0.049586777,0.016806723,0,0.031446541,0.004672897,0.004587156,0,0.003389831,0.004081633,0.052941176,0,0.033613445,0.010791367,0.117241379,0,0.003424658,0.006711409,0,0.08411215,0.006451613,0,0.015957447,0,0,0.029411765,0.058823529,0,0,2
0.005847953,0.011173184,0.027777778,0,0.775193798,0,0,0.25625,0.003773585,0.019512195,0,0.021276596,0,0.01242236,0,0,0,0.082474227,0,0.070063694,0.018518519,0.102678571,0.011049724,0.003597122,0.023972603,0,0.05511811,0,0,0,0.007575758,0.006944444,0.046875,0.086142322,0,0.008547009,2
0,0,0.006644518,0,0.550632911,0,0,0.113402062,0.01025641,0.01659751,0.007633588,0.010989011,0,0.0125,0,0.011904762,0,0.068669528,0,0.060869565,0.01384083,0.114624506,0.032,0.012269939,0.007518797,0,0.032432432,0,0,0.007692308,0.038888889,0,0.014869888,0.057251908,0,0.005649718,2
0.016129032,0.010989011,0.01863354,0,0.410404624,0,0,0.154929577,0.006756757,0.021052632,0.008928571,0.010526316,0,0.01369863,0,0,0,0.082949309,0,0.048780488,0.011811024,0.131672598,0,0,0.004385965,0,0.023474178,0.004098361,0,0.008583691,0.004405286,0,0.026315789,0.067073171,0,0.007936508,2
0,0.004310345,0.005319149,0,0.284210526,0,0,0.260162602,0.020661157,0.014760148,0,0.008810573,0,0,0,0.016666667,0,0.09039548,0,0.030075188,0.030769231,0.079310345,0.004219409,0.003389831,0.034482759,0,0.043668122,0,0,0.015789474,0.015384615,0,0.031847134,0.068,0,0.005208333,2
0.004149378,0.012658228,0.022522523,0,0.380952381,0,0,0.254237288,0,0.03030303,0,0.01863354,0.005,0.003717472,0,0.010638298,0,0.036697248,0,0.04029304,0.021621622,0.189393939,0.007575758,0,0.024096386,0,0.072368421,0.005464481,0,0.009950249,0,0,0.022058824,0.055319149,0,0.004385965,2
0.006369427,0,0,0,0.191637631,0,0,0.147208122,0.010810811,0.032520325,0.008196721,0.004081633,0,0,0,0.004524887,0,0.032894737,0,0.026200873,0,0.138157895,0.015748031,0,0.011152416,0,0.022857143,0.01,0,0,0.017391304,0,0.016949153,0.097345133,0,0.003508772,2
0.010869565,0.011406844,0.020689655,0,0.440366972,0,0,0.163366337,0.017142857,0.014035088,0.004219409,0.015873016,0,0.01025641,0,0.003508772,0.005952381,0.071174377,0,0.035532995,0.013986014,0.137566138,0,0.004329004,0.008097166,0,0.017241379,0,0,0.017391304,0.056451613,0.004329004,0.016393443,0.064171123,0,0,2
0,0.019230769,0.044843049,0,0.285046729,0,0,0.238709677,0.008403361,0.037383178,0,0.021582734,0,0.004201681,0,0,0,0.059633028,0,0.020338983,0.004081633,0.147058824,0.007142857,0,0.010791367,0,0.087591241,0,0,0,0.018691589,0,0.036036036,0.058510638,0,0.009259259,2
0,0.007272727,0.008474576,0,0.50877193,0,0,0.115384615,0.015503876,0.036697248,0,0.0125,0,0.004878049,0,0.014184397,0,0.099378882,0,0.046728972,0.012195122,0.120274914,0.006944444,0.01910828,0.013888889,0,0.055248619,0,0,0.008888889,0.007874016,0.006134969,0.04040404,0.091397849,0,0.006944444,2
0.007490637,0.028268551,0.068376068,0,0.464285714,0,0,0.256684492,0.006329114,0.017777778,0.022900763,0.027491409,0,0.004149378,0,0.005494505,0,0.1,0,0.083333333,0.023255814,0.128755365,0,0.017391304,0.01384083,0,0.096,0.024539877,0,0,0.016216216,0.004201681,0.0546875,0.092307692,0,0.007434944,2
0,0.016194332,0.016949153,0,0.419354839,0,0,0.115384615,0.028901734,0.03030303,0,0.018779343,0.006756757,0.005263158,0,0.003508772,0,0.054794521,0,0.027906977,0,0.073732719,0,0.009756098,0.015748031,0,0.026086957,0,0,0.01459854,0.009389671,0,0,0.051502146,0,0,2
0.006097561,0.010526316,0.047619048,0,0.235294118,0,0,0.175757576,0.003508772,0.013605442,0.008695652,0.008130081,0,0.003690037,0,0.008810573,0,0.055172414,0,0.033333333,0,0.096045198,0,0,0.015384615,0,0.037974684,0,0,0.004761905,0.008733624,0,0.004761905,0.105263158,0,0,2
0.008,0,0.020833333,0,0.302904564,0,0,0.2,0.005291005,0.032,0,0.008474576,0,0.015151515,0,0,0.005,0.044609665,0,0.042553191,0.004926108,0.119266055,0,0,0.010810811,0,0.106060606,0,0,0.003448276,0.032894737,0,0.014354067,0.049751244,0,0,2
0.004255319,0,0.013157895,0,0.382165605,0,0.004901961,0.121338912,0.006968641,0.025477707,0.010869565,0.005076142,0,0,0.008196721,0.004081633,0,0.083333333,0,0.018099548,0.020100503,0.138157895,0,0,0.025316456,0,0.086614173,0.004132231,0,0.005154639,0,0.005,0.014285714,0.02739726,0,0.003412969,2
0,0,0.021052632,0,0.233695652,0,0,0.071823204,0,0.034188034,0,0,0,0,0,0.005291005,0,0.046153846,0,0.014035088,0,0.060498221,0,0,0.017482517,0,0.041666667,0,0,0.008547009,0,0,0.0078125,0.069565217,0,0,2
0,0.004149378,0.02173913,0,0.180257511,0,0,0.171641791,0.014018692,0.034188034,0.004464286,0.006451613,0,0.009345794,0,0.007194245,0,0.042016807,0,0.037735849,0,0.04587156,0,0,0.012244898,0,0.021428571,0.008403361,0,0,0.00729927,0,0.013422819,0.018018018,0,0,2
0.010638298,0.009433962,0.027777778,0,0.426470588,0.003636364,0,0.139534884,0,0.022346369,0.005555556,0.014423077,0.007751938,0.009174312,0,0,0,0.068292683,0,0.04964539,0.01826484,0.142857143,0,0.014018692,0.020325203,0,0.048611111,0,0,0.017857143,0.022099448,0,0.02739726,0.097777778,0,0.006134969,2
0,0.007575758,0.048611111,0,0.134831461,0,0,0.102272727,0,0.019323671,0,0.021390374,0,0,0,0,0,0.033195021,0,0.027472527,0,0.09375,0,0.005952381,0,0,0.030487805,0,0,0,0,0,0.003759398,0.053475936,0,0,2
0,0.011111111,0.037174721,0,0.297709924,0,0,0.152173913,0.016129032,0.014652015,0,0.038461538,0,0,0,0.014084507,0,0.068421053,0,0.014035088,0.012931034,0.109589041,0,0.018604651,0.03125,0,0.031746032,0,0,0.003558719,0.017391304,0.003355705,0.013157895,0.116788321,0,0,2
0,0,0.021505376,0,0.219512195,0,0,0.030821918,0.003460208,0.017241379,0,0.024242424,0,0.003401361,0,0,0,0.033210332,0,0.013215859,0.012765957,0.082758621,0,0.005555556,0.008,0,0.014492754,0,0,0.003448276,0.008438819,0,0.003448276,0.023809524,0,0.005747126,2
0.005263158,0.015384615,0.018691589,0,0.308,0,0,0.21875,0.008298755,0.025316456,0,0.016,0,0,0,0,0,0.121212121,0,0.062111801,0.015,0.107806691,0.007633588,0.005319149,0.044334975,0,0.032110092,0,0,0,0,0,0.030120482,0.065517241,0,0.005464481,2
0.004975124,0.004048583,0.02970297,0,0.289361702,0,0,0.176190476,0.006369427,0.016129032,0,0.008368201,0,0.012738854,0,0.015228426,0,0.105691057,0,0.040816327,0.025641026,0.078947368,0.00952381,0.004524887,0.015075377,0,0.026666667,0,0.006329114,0.013157895,0,0,0.018587361,0.046391753,0,0,2
0.003424658,0,0.010238908,0,0.451327434,0,0.003508772,0.129353234,0.010869565,0.015209125,0,0.005524862,0,0,0,0,0,0.028070175,0,0.021164021,0.007042254,0.107692308,0,0,0.011904762,0,0.027027027,0,0,0.005291005,0.015625,0,0.028340081,0.076923077,0,0,2
0,0.024193548,0.012987013,0,0.390374332,0,0,0.091836735,0.017167382,0.038461538,0,0.037313433,0.004672897,0.025641026,0,0,0,0.177570093,0,0.057553957,0.016528926,0.109243697,0.003968254,0.006289308,0.023364486,0,0.072072072,0.003389831,0,0.011764706,0.014285714,0.025210084,0.021582734,0.110344828,0,0,2
0,0.009345794,0.032258065,0,0.430851064,0,0,0.143382353,0.009803922,0.014545455,0.004237288,0.023255814,0.01754386,0,0,0.009615385,0,0.128440367,0,0.0875,0.00754717,0.082926829,0.005076142,0.007092199,0.01369863,0,0.02919708,0,0,0.003436426,0.013888889,0,0.013888889,0.075892857,0,0,2
0.004444444,0.007874016,0.036809816,0,0.279569892,0,0,0.2265625,0.014981273,0.014134276,0,0.022727273,0,0,0,0,0,0.044444444,0,0.017182131,0,0.062240664,0,0,0.00921659,0,0.014760148,0,0,0.004291845,0.012195122,0,0.01384083,0.04743083,0,0,2
0.005347594,0.016216216,0.012605042,0,0.384615385,0,0,0.078066914,0.003816794,0.016194332,0,0.013043478,0,0,0,0,0,0.098484848,0,0.051643192,0,0.084210526,0,0,0.012931034,0,0.020661157,0,0,0,0.003968254,0,0.015748031,0.035587189,0,0.003355705,2
0,0,0.008196721,0,0.193133047,0,0,0.105263158,0.006097561,0.021052632,0,0,0,0.004310345,0,0.006060606,0,0.040816327,0,0.048780488,0.004132231,0.033210332,0,0.008810573,0.004255319,0,0.023809524,0,0,0.011299435,0.014492754,0,0,0.034482759,0,0,2
0,0.004366812,0.040229885,0,0.421052632,0,0.009345794,0.21656051,0.012,0.016460905,0,0.015625,0,0.006329114,0,0.008,0,0.2,0,0.033898305,0.009569378,0.196969697,0,0.00621118,0.035,0,0.122137405,0,0,0.009174312,0.009174312,0,0.037837838,0.090909091,0,0.013605442,2
0.003448276,0.026315789,0.016393443,0,0.47761194,0,0,0.136029412,0.017021277,0.018099548,0,0.014285714,0.006369427,0,0,0.008368201,0,0.114649682,0,0.081218274,0.005405405,0.308943089,0.008196721,0.004081633,0.025641026,0,0.095238095,0,0.005025126,0.019736842,0.022222222,0.004366812,0.03164557,0.059210526,0,0,2
0,0,0.02,0,0.270547945,0,0,0.101694915,0.008849558,0.021857923,0,0.004975124,0,0.003802281,0,0.011049724,0.004587156,0.136752137,0,0.024752475,0.011428571,0.09122807,0,0,0.003521127,0,0.081081081,0,0,0,0.02027027,0.005076142,0.013986014,0.042328042,0,0,2
0.017094017,0,0.03539823,0,0.565217391,0,0,0.135245902,0.016042781,0.01659751,0,0,0,0,0,0.007462687,0,0.094017094,0,0.04516129,0.008403361,0.158878505,0,0,0.008264463,0,0.03968254,0.006289308,0,0,0.009009009,0.003389831,0.012244898,0.047058824,0,0,2
0,0.00729927,0.010273973,0,0.351351351,0,0,0.135135135,0,0.018867925,0,0.011029412,0,0,0,0,0.005847953,0.078212291,0,0.024038462,0.023255814,0.201834862,0,0,0.003773585,0,0.035532995,0,0,0.00621118,0.003649635,0,0.024390244,0.054982818,0,0.012738854,2
0.004464286,0.005524862,0.017985612,0,0.355555556,0,0,0.156565657,0.010752688,0.03030303,0.006944444,0.0078125,0,0,0,0.011363636,0,0.053140097,0,0.032085561,0.012658228,0.111111111,0.007633588,0.010309278,0.025641026,0,0.030534351,0,0,0.00625,0.018450185,0,0.007751938,0.068669528,0,0,2
0.007905138,0.016,0.018404908,0,0.513368984,0,0,0.4296875,0.015384615,0.022222222,0,0,0.003816794,0,0,0,0,0.06959707,0,0.08974359,0.023121387,0.272727273,0,0.009389671,0.013513514,0,0.089285714,0,0,0.01826484,0.024793388,0,0.05625,0.082949309,0,0.004878049,2
0,0.008695652,0.003355705,0,0.284671533,0,0,0.080213904,0.008583691,0.017621145,0,0,0,0,0,0,0.003460208,0.030172414,0,0.036363636,0.003508772,0.051020408,0,0,0.008264463,0,0.02259887,0,0,0.006896552,0.00952381,0,0.016,0.050847458,0,0,2
0,0.021097046,0.040677966,0,0.447619048,0,0,0.19047619,0.021052632,0.030769231,0.009345794,0.025477707,0,0.012345679,0,0.0234375,0,0.107594937,0,0.072,0.015873016,0.216,0,0.016949153,0.028708134,0,0.106060606,0.00621118,0,0.003717472,0.045801527,0.005319149,0.044334975,0.110091743,0,0.003663004,2
0.022727273,0.015151515,0.034013605,0,0.265517241,0,0,0.157894737,0.004975124,0.016194332,0,0.022058824,0.004255319,0.004524887,0,0,0,0.052419355,0,0.066945607,0.006968641,0.114649682,0,0.005076142,0.021621622,0,0.073770492,0.004081633,0,0.013157895,0.028571429,0,0.050251256,0.138157895,0,0,2
0.006578947,0.007874016,0.004132231,0,0.231958763,0,0,0.095238095,0.003424658,0.034782609,0,0.004237288,0,0,0,0,0,0.022813688,0,0.016574586,0.009174312,0.051282051,0.008333333,0.004950495,0.005714286,0,0.016877637,0.005291005,0,0,0.009009009,0.003508772,0.023809524,0.017793594,0,0,2
0,0.010416667,0.017316017,0,0.504273504,0,0,0.109375,0.026086957,0.032258065,0.004329004,0.016393443,0.010695187,0,0,0.006802721,0,0.230769231,0,0.044776119,0.009345794,0.145299145,0.004464286,0.006451613,0.033613445,0,0.034682081,0,0,0,0.007936508,0,0.004672897,0.036697248,0,0,2
0,0.007142857,0.025210084,0,0.648275862,0,0,0.315436242,0.022522523,0.037383178,0.006451613,0.022522523,0.005319149,0.009433962,0,0.003676471,0,0.076363636,0,0.042635659,0.011695906,0.223463687,0,0.004807692,0.031007752,0,0.036,0,0,0.019512195,0.005076142,0.007092199,0.04109589,0.099378882,0,0,2
0.006872852,0.013888889,0.038216561,0,0.285714286,0,0,0.113013699,0,0.031496063,0,0.015151515,0.005376344,0.007575758,0,0,0,0.049469965,0,0.039772727,0.005102041,0.111111111,0,0.005347594,0.012658228,0,0.076335878,0,0.005128205,0.008298755,0.015267176,0.021978022,0.01843318,0.075,0,0,2
0.004291845,0.006097561,0.017391304,0,0.241106719,0,0,0.131578947,0,0.021621622,0,0.0078125,0,0.011111111,0,0.003717472,0,0.036437247,0,0.02173913,0.016129032,0.117216117,0.00621118,0,0.005780347,0,0.043478261,0,0,0.015789474,0,0,0.017241379,0.0456621,0,0.004651163,2
0.004608295,0.015873016,0.029268293,0,0.320284698,0,0,0.157894737,0.02189781,0.018779343,0,0.016042781,0,0.017621145,0,0.005263158,0,0.105263158,0,0.034246575,0.006920415,0.137931034,0.005319149,0.006060606,0.01754386,0,0.086956522,0,0,0.007380074,0.028248588,0,0.021276596,0.110344828,0,0,2
0.011299435,0.014492754,0.030075188,0,0.351724138,0,0,0.168965517,0.014285714,0.017467249,0,0.019047619,0.005263158,0,0,0.006369427,0,0.069958848,0,0.0703125,0.01659751,0.208860759,0.004504505,0.008,0.015873016,0,0.070175439,0,0,0,0.03030303,0,0.04,0.081784387,0,0.005319149,2
0,0.004587156,0.014652015,0,0.439393939,0,0,0.210843373,0,0.026315789,0,0.028708134,0,0.004048583,0,0.007352941,0,0.063348416,0,0.00952381,0.01910828,0.076612903,0.004901961,0.0041841,0.003484321,0,0.038043478,0,0,0.008130081,0.016393443,0,0.008547009,0.070175439,0,0,2
0,0,0.013100437,0,0.532894737,0,0,0.100371747,0.020618557,0.022857143,0.005,0.023809524,0,0,0,0,0,0.043715847,0,0.049751244,0.010869565,0.091254753,0,0,0,0,0.033333333,0,0,0.007017544,0.025316456,0,0.024647887,0.117948718,0,0.003508772,2
0,0.006756757,0.010152284,0,0.201058201,0,0,0.068825911,0.008547009,0.013793103,0,0.00390625,0,0,0,0.004098361,0,0.045643154,0,0.020408163,0.004291845,0.096153846,0,0,0.009345794,0,0.03125,0,0,0,0.011560694,0,0.016528926,0.037815126,0,0,2
0,0.018018018,0.010169492,0,0.535294118,0,0,0.133093525,0.020689655,0.02919708,0,0,0.004504505,0.009345794,0,0.004504505,0,0.108490566,0,0.022058824,0.029411765,0.072727273,0,0.003875969,0,0,0.033333333,0,0,0.018348624,0.008,0.00625,0.011320755,0.117073171,0,0.007092199,2
0.00621118,0,0.028037383,0,0.261168385,0,0,0.157407407,0.004464286,0.022099448,0,0.003424658,0,0.007874016,0,0,0,0.136363636,0,0.09375,0.003745318,0.053003534,0,0.005681818,0.015306122,0,0.019933555,0.005347594,0,0,0.022900763,0,0.041025641,0.033195021,0,0,2
0.00625,0.003690037,0.023809524,0,0.266094421,0,0,0.100346021,0.007905138,0.032,0,0.007518797,0,0.005405405,0,0.0078125,0,0.05,0,0.011152416,0.003816794,0.076923077,0.005649718,0,0.040322581,0,0.043478261,0,0,0.015151515,0.007246377,0,0.040540541,0.063157895,0,0,2
0.00456621,0.008264463,0.023255814,0,0.419354839,0,0,0.181102362,0.007117438,0.017391304,0,0.01754386,0,0.009389671,0,0.005347594,0.004291845,0.118942731,0,0.078947368,0.012195122,0.152631579,0.007936508,0.003424658,0.01384083,0,0.063829787,0.006060606,0,0.006802721,0.026086957,0,0.024793388,0.077490775,0,0,2
0,0.014285714,0.022222222,0,0.525423729,0,0,0.223076923,0.003448276,0.016877637,0,0.006896552,0,0,0,0.004761905,0,0.107692308,0,0.044585987,0.008,0.090534979,0.005208333,0.03125,0.020746888,0,0.04954955,0,0,0,0.029239766,0.016949153,0.014354067,0.159090909,0,0.00621118,2
0,0.015267176,0.015957447,0,0.279816514,0,0,0.194594595,0,0.03030303,0,0.006024096,0,0.013157895,0,0.004784689,0,0.048582996,0,0.022058824,0,0.076923077,0,0,0.012738854,0,0.044117647,0.008368201,0,0.012738854,0.016304348,0.005076142,0.037837838,0.130081301,0,0,2
0.00877193,0.028571429,0.004524887,0.005025126,0.598684211,0,0,0.278481013,0.019736842,0.031496063,0,0.029739777,0,0.011428571,0,0,0.003424658,0.182608696,0,0.055084746,0.008849558,0.202185792,0.003508772,0,0.027173913,0,0.048275862,0,0,0.017094017,0,0.004950495,0.045714286,0.066666667,0,0,2
0,0.027027027,0.014035088,0,0.234875445,0,0,0.094405594,0.015873016,0.020833333,0,0.012145749,0,0,0,0.00390625,0,0.112903226,0,0.028688525,0.005347594,0.095435685,0.007246377,0.006802721,0,0,0.035874439,0,0,0.008547009,0.013392857,0,0.050420168,0.14953271,0,0,2
0,0,0.012578616,0,0.188073394,0,0,0.032653061,0.005882353,0.028571429,0,0,0,0.00729927,0,0.006711409,0,0.065420561,0,0.027027027,0,0.089622642,0,0.007352941,0.019607843,0,0.004237288,0,0,0.011173184,0.005555556,0,0.03875969,0.036697248,0,0,2
0,0,0.070921986,0,0.559006211,0,0,0.154471545,0.010309278,0.027777778,0,0.023148148,0,0.016574586,0,0.003424658,0,0.102362205,0,0.075757576,0.02688172,0.287878788,0,0,0.02247191,0,0.102564103,0,0.005102041,0.019323671,0.003322259,0,0.082278481,0.088888889,0,0.003436426,2
0.004149378,0.022900763,0,0,0.35,0,0,0.201550388,0.004291845,0.024390244,0,0.003460208,0,0,0,0,0,0.048648649,0,0.0546875,0.046153846,0.077777778,0.003717472,0,0.007633588,0,0.033898305,0,0,0.003663004,0.01242236,0.006410256,0.040462428,0.121212121,0,0.009389671,2
0.005263158,0.008928571,0.014035088,0,0.493150685,0,0,0.28125,0.023041475,0.015873016,0.004878049,0.011811024,0.007117438,0.008695652,0,0.00877193,0.00729927,0.098591549,0,0.064171123,0.004291845,0.105726872,0.003584229,0,0,0,0.071428571,0.003424658,0,0.00862069,0.037234043,0,0.035087719,0.040816327,0,0,2
0.014760148,0,0,0,0.35862069,0.004761905,0,0.184,0.011299435,0.019323671,0,0,0,0,0,0.003448276,0,0.069868996,0,0.004761905,0.005263158,0.107692308,0,0,0.004,0,0.046875,0,0,0.012658228,0.013513514,0.008,0.021164021,0.048,0,0.008474576,2
0,0.015151515,0.00621118,0,0.267657993,0,0.005319149,0.118226601,0.009174312,0.018348624,0,0,0,0.015151515,0,0.012048193,0,0.072368421,0,0.028708134,0.009950249,0.093117409,0,0,0.004255319,0,0.026315789,0,0,0.012096774,0.014705882,0,0.020905923,0.146496815,0,0.005076142,2
0.024390244,0.008196721,0.040816327,0,0.416666667,0,0,0.206030151,0.019736842,0.017777778,0,0.012658228,0,0.007874016,0,0.011152416,0,0.131428571,0,0.052380952,0.01369863,0.286956522,0.003412969,0.008474576,0.061946903,0,0.031578947,0,0,0.011406844,0.013793103,0,0.041284404,0.11965812,0,0.004950495,2
0.003508772,0,0.026455026,0,0.338461538,0,0,0.166666667,0.003558719,0.027027027,0,0.01048951,0,0.010416667,0,0.004048583,0.017094017,0.034482759,0,0.03515625,0.043478261,0.14516129,0.004329004,0.008196721,0.005347594,0,0.057971014,0,0,0.019230769,0.00896861,0,0.023364486,0.094017094,0,0,2
0,0.005780347,0.071942446,0,0.273109244,0,0,0.144859813,0.009174312,0.036036036,0,0.004081633,0,0.007142857,0,0,0,0.145985401,0,0.046979866,0.009009009,0.140186916,0,0,0.010638298,0,0.055555556,0.003676471,0,0.003636364,0.012711864,0,0.029239766,0.072625698,0,0,2
0.009174312,0.004,0.0375,0,0.409756098,0,0,0.155251142,0.01242236,0.01459854,0.004672897,0.012195122,0,0.006944444,0,0,0,0.08839779,0,0.020547945,0.031111111,0.165354331,0.006134969,0,0.032258065,0,0.0625,0.015625,0,0.007067138,0.034188034,0.011363636,0.025510204,0.048309179,0,0.005347594,2
0.013333333,0.007633588,0.027491409,0,0.365145228,0,0.005494505,0.133640553,0.01875,0.014760148,0.005952381,0.046511628,0,0.006097561,0,0.003460208,0,0.112,0,0.022556391,0.026737968,0.156756757,0.004201681,0.0078125,0.023076923,0,0.037174721,0,0,0.012145749,0.016949153,0.004347826,0.048387097,0.058608059,0,0.006410256,2
0,0.007246377,0.023474178,0,0.231578947,0,0,0.086206897,0,0.016528926,0,0,0,0.003968254,0,0,0,0.013043478,0,0.013157895,0.02189781,0.042253521,0,0.005347594,0,0,0.014336918,0.010526316,0,0,0.007936508,0,0.010380623,0.043103448,0,0.006060606,2
0.017006803,0.008695652,0.016260163,0,0.376383764,0,0,0.153191489,0.020689655,0.019047619,0.005555556,0.04,0.005649718,0.014492754,0,0,0,0.101265823,0,0.031034483,0.019047619,0.131004367,0.005747126,0.014285714,0.026315789,0,0.140186916,0,0,0.008230453,0.015625,0.0078125,0.041493776,0.101265823,0,0.016,2
0,0,0.016949153,0,0.295454545,0,0,0.105,0,0.030534351,0,0.009852217,0,0.004587156,0,0,0,0.090909091,0,0.030120482,0,0.039473684,0,0.009569378,0,0,0.024752475,0,0,0.004524887,0.004385965,0.004761905,0.01910828,0.024193548,0,0,2
0.006369427,0.02173913,0.015228426,0,0.674796748,0,0,0.358974359,0.004385965,0.038095238,0,0.010050251,0,0.008888889,0,0.006329114,0,0.133858268,0,0.044609665,0.015463918,0.205714286,0.015,0,0.003424658,0,0.023890785,0.004237288,0,0.010928962,0.010526316,0.004975124,0.038043478,0.068441065,0,0,2
0,0,0.014851485,0,0.157894737,0,0,0.045774648,0,0.036036036,0,0.017857143,0,0,0,0.003496503,0,0.03125,0,0.016194332,0.008547009,0.04137931,0,0.00390625,0.017391304,0,0.012987013,0.008196721,0,0.008298755,0.007246377,0,0.012875536,0.057692308,0,0.007462687,2
0,0,0,0,0.420560748,0,0,0.157024793,0,0.015873016,0,0.004672897,0.009174312,0.009009009,0,0,0,0.071428571,0,0.017985612,0.006896552,0.080291971,0,0,0,0,0.019354839,0.009009009,0,0,0.037037037,0,0.029411765,0.025454545,0,0.003875969,2
0.016759777,0.011111111,0.028846154,0,0.724770642,0,0.00625,0.124528302,0.019512195,0.020304569,0,0.00913242,0.00621118,0.00729927,0,0.004065041,0,0.145833333,0,0.046296296,0,0.121546961,0,0,0.008888889,0,0.061349693,0.005050505,0,0.015151515,0.006944444,0,0.026217228,0.042402827,0,0.017045455,2
0.004830918,0.009966777,0.016042781,0,0.382222222,0,0,0.174358974,0.008298755,0.030534351,0.005494505,0.023041475,0,0.003690037,0,0,0,0.085365854,0,0.020761246,0.007905138,0.224,0.018404908,0.003759398,0.016042781,0,0.046218487,0.0078125,0,0.011111111,0.007434944,0,0.038167939,0.072874494,0,0.004347826,2
0.010989011,0,0.051282051,0,0.5,0,0,0.189189189,0.005263158,0.035714286,0,0.012931034,0.00456621,0.008264463,0,0.00625,0,0.047619048,0,0.011811024,0.010676157,0.069565217,0,0,0.02919708,0,0.032786885,0,0,0.008810573,0.007168459,0.005263158,0.024390244,0.068421053,0,0,2
0,0,0.042424242,0,0.258503401,0,0,0.148760331,0.007380074,0.02259887,0.004405286,0.017021277,0,0.004761905,0,0,0,0.09178744,0,0.069230769,0.003448276,0.101265823,0,0.003448276,0.019047619,0,0.086206897,0,0,0.023076923,0.037383178,0.006369427,0.028,0.0781893,0,0.0078125,2
0,0.004504505,0.024,0,0.408,0,0,0.119617225,0,0.03030303,0,0.005,0,0.007633588,0,0.004926108,0,0.018348624,0,0.021621622,0.022727273,0.143939394,0.006802721,0.006024096,0.010344828,0,0.016393443,0,0,0,0.004950495,0,0.012765957,0.031674208,0,0,2
0.008064516,0.004901961,0.008368201,0,0.668789809,0,0,0.281081081,0.016260163,0.032786885,0,0.05982906,0.013157895,0,0,0.010050251,0,0.084444444,0,0.037974684,0.026315789,0.25984252,0.004132231,0,0.046391753,0,0.035,0,0,0,0.010238908,0.004237288,0.061946903,0.109289617,0,0.009950249,2
0.003802281,0.006896552,0.022099448,0,0.666666667,0,0,0.2,0.014035088,0.016877637,0,0.007042254,0.005128205,0.027027027,0,0.011904762,0,0.101351351,0,0.034965035,0.015873016,0.09375,0,0,0,0,0.097345133,0,0,0.032258065,0.017316017,0.004098361,0.037433155,0.091286307,0,0,2
