Bifidobacterium,Butyricimonas,Odoribacter,Paraprevotella,Bacteroides,Parabacteroides,Prevotella,unkwon1,unkwon2,unkwon3,Clostridium,unkwon4,unkwon5,Ruminococcus,Anaerostipes,Blautia,Coprococcus,Dorea,Lachnospira,Roseburia,unkwon6,unkwon7,unkwon8,unkwon9,Faecalibacterium,Oscillospira,Ruminococcus.1,Dialister,unkwon10,unkwon11,unkwon12,Sutterella,Escherichia,Klebsiella,Haemophilus,Akkermansia
0.0659,0.0246,0.0143,0.0764,0.0129,0.0518,0.0609,0.0108,1e-04,0.0119,0.012,1e-04,0.0294,1e-04,0.0126,1e-04,0.0374,0.0092,0.0658,0,0,0.0117,0.014,0.015,0.0093,0.0109,0.0099,0.0127,0.04,0.0197,0.015,0.0134,0.0167,0.0128,0.0479,0.0332
0.0521,1e-04,0.0131,0.0618,0.013,0.0499,0.0565,0.013,0.0152,0.0084,0.0114,0,0.0286,0.0165,0.0086,0.0142,0.0381,0.007,0.0098,0.0109,0.0152,0.0138,0.054,0.0117,0.0223,0.0086,0.0152,0.0109,0.0299,0.0225,0.013,0.0484,0,0.0127,0.0405,0.0316
0.012,1e-04,0.0191,0.0614,0.0119,0.0451,0.0551,0.0127,1e-04,0.0093,0.0106,0,0.031,0,0.0567,0.015,0.0323,0.0138,0.0547,0.0092,0.0112,0.0137,0.0506,0.058,0.0195,0.0092,0.0089,0.011,0.0261,0.0159,0.0131,0.0127,0.0141,0.0132,0.0317,0.0195
0.0113,0.0148,0.0132,0.012,0.0131,0.0521,0.0594,0.0175,2e-04,0.009,0.0106,2e-04,0.0321,1e-04,0.0103,0.0133,0.0375,0.0133,0.0605,0.0103,0.0117,0.0121,0.0559,0.0122,0.0235,0.0096,0.0143,0.0118,0.0346,0.0252,0.0124,0.0593,0.0141,0.0136,0.0476,0.0298
0.0156,1e-04,0.0106,0.0776,0.0109,0.0603,0.0691,0.0097,0.0201,0.0109,0.0146,0,0.0332,0.025,0.0118,0.02,0.0367,0.0143,0.0133,0.0108,0.0132,0,0.0151,0.0149,0.0191,0.0116,0,0.0148,0.0411,0.0244,0.014,0.0161,0.0238,0.0099,0.0592,0.0367
0.0129,0.0141,0.0107,0.0583,0.0143,0.0474,0.0556,0.0128,0.0163,0.0097,0.0095,0.0187,0.0314,0.0141,0.054,0.0137,0.0361,0,0.0107,0.0114,0.0103,0.0161,0.0117,0.0116,0.0229,0.0083,0.017,0.0106,0.0317,0.0211,0.0119,0.0582,0,0.017,0.0468,0.0316
0.0131,0.0166,0,0.0668,0.016,0.0454,0.0577,0.0067,0.0184,0.0096,0.0576,0,0.0311,0.0163,0.0106,1e-04,0.0406,0.0134,0.0118,0.0182,0.0113,0.0134,0.0128,0.0141,0.0186,0.0097,0.0138,0.011,0.0331,0.0221,0.0136,0.062,1e-04,0.0169,0.045,0.031
0.059,1e-04,0.01,0.0663,0.0121,0.0467,0.0614,0.0114,0,0.0111,0.0132,1e-04,0.0349,1e-04,0.0118,1e-04,0.0337,0.0099,0.0598,0.0102,1e-04,0.0103,0.0138,0.0606,0.0193,0.011,0,0.0136,4e-04,0.0188,0.0143,0.0614,1e-04,0.0179,0.0513,0.0337
0.0162,1e-04,0.0203,0.0781,0.0155,0.0655,0.074,0.0169,2e-04,0.0128,0.0143,2e-04,0.0328,0.0212,0.0154,1e-04,0.0476,0.014,0.0153,0,1e-04,0.0138,0.016,0.0177,0.03,0.0119,0.0175,0.0155,0.0383,0.016,0.0175,0.0168,0,0.0141,0.0568,0.036
0.0137,0.0191,0.0154,0.0779,0.0154,0.055,0.0667,0.0127,1e-04,0.0109,0.0136,0.0225,0.0295,0.0226,0.0117,0.0189,0.0444,0.0195,0.0141,0.0104,0.0185,0.0113,0.0139,0.0138,0.02,0.0108,0.0163,0.0121,2e-04,0.0262,0.0157,0.0158,0,0.0165,0.0533,0.04
0.0139,1e-04,0.017,0.0733,0.0129,0.051,0.0604,0.0064,2e-04,0.0115,0.0138,0.0203,0.0322,0.0177,0.0117,0.0169,0.0401,0.0186,0.0655,0.0098,1e-04,0.0142,0.0146,0.015,0.0219,0.0112,0,0.013,0.0364,0.0266,0.0154,0.0145,1e-04,0.0184,0.0508,0.033
0.014,2e-04,0.0132,0.0589,0.0087,0.05,0.0559,0.0127,0,0.0105,0.0128,1e-04,0.0288,0.0199,0.0101,0,0.0394,0.0066,0.0133,0.0171,0,0.0114,0.0137,0.0631,0.0177,0.0092,0.0162,0.059,0.0348,0.0179,0.013,0.0608,1e-04,0.014,0.0451,0.0303
0.0108,0.0147,0.0178,0.0624,0.0132,0.0446,0.0507,0.016,0.0172,0.0077,0.0099,0.0197,0.031,0.0137,0.0089,0.0143,0.0364,0.0102,0.0563,0.0115,0.0142,0.0139,0.0109,0.0108,0.0205,0.0088,0.0171,0.0097,0.0287,0.0243,0.0106,0.0516,1e-04,0.0132,0.0459,0.0312
0.0099,0.0149,0.0131,0.0569,0.0112,0.0408,0.0445,0.0132,0.0143,0.0082,0.0482,1e-04,0.0271,0.0195,0.0455,0,0.037,0.016,0.0447,0.0155,0.0159,0.014,0.0095,0.009,0.0231,0.0083,0.0127,0.0456,0.0258,0.0152,0.0111,0.0095,0.0177,0.0109,0.0429,0.0267
0.0563,0.0156,0.0145,0.0684,0.0118,0.037,0.0548,0.0092,0,0.0101,0.0106,1e-04,0.0291,0,0.0502,0.0151,0.0378,0.0124,0.0106,0.0086,0.0197,0.0116,0.0108,0.0113,0.0224,0.0083,0.0086,0.0532,0.0338,0.021,0.0131,0.0126,0.0189,0.0124,0.043,0.0256
0.0107,0.0255,0.0083,0.0653,0.0129,0.0457,0.0551,0.0151,1e-04,0.009,0.0116,0.0213,0.0283,0.0226,0.0107,1e-04,0.0366,0.0118,0.0505,0.0185,0.0162,0.0117,0.0125,0.0134,0.0225,0.0088,0.0091,0.0519,0.0322,0.0199,0.0128,0.0132,0,0.0147,0.0475,0.0324
0.0106,0.0131,0.016,0.054,0.0094,0.0371,0.0455,0.0102,1e-04,0.007,0.0096,2e-04,0.0181,0.0118,0.0439,0.0162,0.035,0.0103,0.0501,0,0.0169,0.0144,0.0479,0.0473,0.0173,0.0086,0.0073,0.0441,0.0305,0.0181,0.0109,0.0447,1e-04,0.0081,0.0383,0.0258
0.0163,1e-04,0.0226,0.0862,0.0158,0.0572,0.0686,0.0074,1e-04,0.0123,0.0137,2e-04,0.0226,1e-04,0.0695,0.018,0.0498,0.0111,0.0146,0,1e-04,0,0.0156,0.0157,0.0196,0.0113,0.0124,0.0154,0.0334,0.0283,0.0171,0.018,0,0.0176,0.052,0.0358
0.011,1e-04,0.0128,0.0551,0.0119,0.044,0.0511,0.0147,0,0.0074,0.0489,0.0207,0.0245,0.0172,0.009,0.0141,0.0336,0.0139,0.0526,0.0132,0.0145,0.0086,0.0098,0.0098,0.0221,0.0073,0.0153,0.0488,0.0247,0.0187,0.0114,0.0481,0,0.0133,0.0385,0.0318
0.0106,0.0258,0.0145,0.0669,0.014,0.0492,0.0584,0.0108,1e-04,0.0084,0.0118,1e-04,0.0315,0.015,0.0091,0.0183,0.037,0.0141,0.0541,0,0.0139,0.0149,0.0117,0.0117,0.0224,0.0093,0.0076,0.0106,0.0294,0.023,0.0109,0.0521,0.0146,0.0135,0.0482,0.035
0.0147,0.0167,0.0139,0.0617,0.0145,0.0521,0.0603,0.0156,1e-04,0.0108,0.0118,2e-04,0.0302,0.0158,0.0121,0,0.0429,0.0152,0.012,0.0161,0.0169,0.0195,0.0119,0.0137,0.0224,0.0104,0.0101,0.0592,0.0333,0.0198,0.0142,0.0147,0.0157,0.0168,0.0524,0.0308
0.014,0.0258,0.012,0.0664,0.0171,0.0561,0.0661,0.0136,0.0219,0.0134,0.0142,1e-04,0.0259,1e-04,0.0647,0,0.0445,0.0108,0.0133,0,0.0133,0.0128,0.0156,0.0146,0.0261,0.011,0.0196,0.0135,3e-04,0.0302,0.0144,0.0162,1e-04,0.0196,0.0517,0.0395
0.0687,1e-04,0.0191,0.0768,0.0153,0.0516,0.0623,0.0115,0,0.0111,0.0128,1e-04,0.0321,0.0169,0.0114,0.0175,0.0391,0.0124,0.013,0.0104,0.0134,0.0116,0.0139,0.0138,0.0177,0.0116,0.0111,0.0126,0.0345,0.0266,0.0158,0.0157,1e-04,0.0122,0.0513,0.0344
0.0114,0.0195,0.0118,0.0629,0.0137,0.0453,0.0557,0.0125,1e-04,0.0078,0.0094,0.0217,0.0235,0.0115,0.0094,0.0174,0.0356,0.0093,0.0102,0.0159,0.0148,0.0135,0.0544,0.0511,0.0216,0.0091,0.0186,0.01,0.0353,0.0208,0.0111,0.0126,0.0132,0.0148,0.0409,0.0321
0.0155,2e-04,0.0159,0.0789,0.0128,0.0561,0.0664,0.0189,1e-04,0.0106,0.0139,2e-04,0.0289,0.0189,0.0115,0.0224,0.0414,0.007,0.0652,0,0,0.012,0.0149,0.015,0.0232,0.0122,0,0.0136,0.0344,0.0249,0.0165,0.0157,0,0.0154,0.0592,0.0367
0.0114,0.0145,0.0184,0.0664,0.01,0.0394,0.0562,0.0117,1e-04,0.0093,0.0512,0,0.0269,0.0193,0.0096,1e-04,0.0284,0.0084,0.0108,0.0149,0.0107,0.0128,0.0575,0.0122,0.0206,0.0086,0.0131,0.0108,0.0333,0.0169,0.0129,0.061,0.0144,0.0136,0.0436,0.0295
0.0467,0,0.0127,0.0452,0.0133,0.0426,0.0507,0.0136,1e-04,0.008,0.0101,0.0151,0.0297,0.016,0.0081,0,0.0379,0.0119,0.0519,0.0092,0.0165,0.0128,0.0456,0.0482,0.0172,0.008,0.0104,0.0106,0.0305,0.0195,0.0115,0.046,1e-04,0.015,0.0371,0.0267
0.0119,0.0166,0.0158,0.0562,0.01,0.0392,0.0532,0.007,2e-04,0.0098,0.0112,0.0179,0.0242,0,0.0093,0,0.037,0.017,0.0531,0.0128,0,0.0124,0.0562,0.0591,0.0219,0.0094,0.0145,0.0535,0.0271,0.0202,0.0127,0.0123,1e-04,0.0111,0.0354,0.0302
0.0451,1e-04,0.0133,0.0446,0.0106,0.0339,0.0458,0.0103,0.0129,0.0061,0.047,0,0.0195,0.0172,0.0389,0.0112,0.0294,0.0086,0.0417,0.0102,0.0103,0.0111,0.0426,0.0102,0.0173,0.0078,0.0134,0.0409,0.0275,0.0172,0.0098,0.0487,1e-04,0.0134,0.0369,0.0249
0.0159,1e-04,0.017,0.0155,0.0134,0.0624,0.07,0,0,0.0123,0.015,1e-04,0.0333,0.0198,0.0127,0.0192,0.0309,0.0125,0.0701,0.0101,1e-04,0.0128,0.0713,0.0156,0.0159,0.0111,0,0.0147,0.0452,0.0163,0.0152,0.0157,1e-04,0.0142,0.0628,0.0372
0.0114,0.0153,0.0162,0.0661,0.0134,0.0529,0.059,0.0096,0,0.0093,0.0575,0.0175,0.0273,0.0158,0.0093,0,0.0376,0.0106,0.0568,0.0117,0,0.0114,0.0123,0.0122,0.0195,0.0095,0,0.0114,0.0234,0.0126,0.0135,0.0601,1e-04,0.0128,0.0489,0.0335
0.0113,0.0153,0.0182,0.0526,0.0137,0.0423,0.0511,0.0108,0,0.0094,0.0553,0.0162,0.0302,0.0194,0.0494,0.0122,0.0371,0.012,0.0513,0,0.0089,0,0.011,0.0129,0.0217,0.0098,0,0.0526,0.0291,0.0215,0.0124,0.0113,0,0.0114,0.0395,0.0286
0.0523,0.0195,0.0087,0.0558,0.0106,0.0443,0.053,0.0133,0.0158,0.0085,0.0537,0.0217,0.022,0,0.0099,1e-04,0.0264,0.0108,0.0465,0.0132,0.0107,0.0124,0.0529,0.0113,0.0201,0.0071,0.014,0.0107,0.0312,0.0155,0.0123,0.0116,0,0.0106,0.0443,0.0277
0.0104,1e-04,0.0164,0.0588,0.0112,0.0445,0.0515,0.0132,0,0.0084,0.0452,0.0151,0.0295,0.0137,0.0088,0.013,0.0297,0.0127,0.0535,0.0109,1e-04,0.0142,0.0546,0.0493,0.0198,0.0088,0.0128,0.0104,0.0246,0.0182,0.0118,0.0107,0.013,0.013,0.0401,0.0305
0.0128,1e-04,0.0107,0.0741,0.0103,0.0483,0.0603,0.0111,1e-04,0.0108,0.0155,1e-04,0.0318,0.0185,0.0111,1e-04,0.0441,0.0119,0.0126,0,0,0.0075,0.0654,0.014,0.0199,0.011,0.0098,0.06,0.0406,0.0207,0.0146,0.0137,0.0223,0.0122,0.0471,0.0354
0.0121,2e-04,0.0088,0.071,0.0145,0.0482,0.058,0.0084,2e-04,0.0093,0.0092,0.0209,0.0316,0.0182,0.0094,0.0169,0.0389,0.0135,0.0557,0.0156,0.012,0.0129,0.0106,0.0106,0.0214,0.0103,0.0137,0.0115,0.0325,0.022,0.0134,0.0548,1e-04,0.0146,0.0441,0.0334
0.0106,0,0.0155,0.0565,0.0137,0.0384,0.0506,0.0102,2e-04,0.0093,0.0102,0.0166,0.0251,0.02,0.0495,0.0123,0.0355,0.0089,0.0095,0.0077,0.0103,0.0093,0.0519,0.0102,0.0232,0.0089,0,0.0586,0.0258,0.0211,0.0492,0.0115,0.0142,0.0109,0.0417,0.0314
0.0507,0.0134,0.0144,0.0565,0.0122,0.0483,0.0572,0.0124,0.0168,0.0094,0.0081,0.0205,0.0267,0.0152,0.0084,0.0128,0.0381,0.0133,0.0502,0.0131,0.0171,0.0151,0.0108,0.0103,0.0222,0.008,0.0078,0.0099,0.029,0.0221,0.0118,0.0105,0.0159,0.0174,0.0411,0.0318
0.0113,0.0174,0.0188,0.0587,0.0125,0.0385,0.053,0.0129,0,0.0085,0.0086,0.0211,0.0276,0.0166,0.0087,1e-04,0.0391,0.017,0.0574,0.015,0.0089,0.0138,0.0105,0.0514,0.0209,0.0092,0.0093,0.0112,0.0323,0.0201,0.0128,0.053,0,0.0092,0.0405,0.0326
0.0103,1e-04,0.0106,0.0593,0.011,0.0452,0.0517,0.0103,1e-04,0.0073,0.0103,0.0232,0.0225,0.0209,0.0465,0,0.0334,0.0125,0.0502,0.0153,0.014,0.0094,0.0102,0.0487,0.0231,0.0077,0.0085,0.0095,0.0281,0.0161,0.012,0.0508,0.0133,0.0135,0.0407,0.0322
0.049,1e-04,0,0.0601,0.0114,0.0421,0.0533,0.005,0.0153,0.0088,0.0532,0.0152,0.0149,0.0139,0.0483,0,0.0359,0.012,0.0082,0.0163,0.009,0.011,0.0113,0.0532,0.0209,0.0071,0.0112,0.0106,0.0261,0.0201,0.0103,0.0514,1e-04,0.0107,0.0365,0.026
0.0124,0.0177,0.009,0.0605,0.0155,0.0446,0.0611,0.0121,1e-04,0.0103,0.0104,0,0.0337,0,0.0556,1e-04,0.0378,0.015,0.012,0.0085,1e-04,0.007,0.0126,0.0547,0.0192,0.0096,0.0099,0.0123,0.0291,0.0285,0.0122,0.0579,0.0194,0.0139,0.0449,0.0308
0.0133,0.0227,0,0.0703,0.015,0.0511,0.0588,0.0172,0.0186,0.0104,0.0115,2e-04,0.035,1e-04,0.0095,1e-04,0.0419,0.0169,0.0579,0,0.0152,0.0161,0.0121,0.0137,0.0223,0.0107,0.0098,0.0122,0.0359,0.0195,0.0145,0.055,0,0.0131,0.0446,0.0333
0.0114,1e-04,0.0144,0.0535,0.0143,0.0429,0.0562,0.0171,0,0.0093,0.0114,0.0191,0.021,0,0.0091,0,0.039,0.0129,0.0547,0.0115,0.0141,0.0124,0.0108,0.0524,0.0216,0.01,0.0097,0.0481,0.0311,0.0195,0.0127,0.0514,1e-04,0.0135,0.0428,0.0304
0.0134,1e-04,0.0142,0.068,0.0118,0.0532,0.0619,0.0148,0,0.0102,0.0674,0,0.0281,1e-04,0.0624,0,0.0366,0.0185,0.0119,0.0183,0.012,0.0105,0.014,0.0141,0.0093,0.0122,0.0143,0.0127,0.0361,0.0207,0.0143,0.0143,1e-04,0.0151,0.0554,0.0325
0.0145,0.0221,0,0.0699,0.0145,0.0562,0.0662,0.0148,2e-04,0.0115,0.0138,0,0.0355,0.017,0.0134,1e-04,0.0446,0.0066,0.0684,0.0115,0.015,0.0079,0.0153,0.0137,0.0249,0.0123,0.0117,0.0143,0.0372,0.0196,0.0169,0.0149,1e-04,0.0126,0.0536,0.0277
0.0479,0.0136,0.0148,0.0547,0.0092,0.0391,0.0439,0.0114,0,0.0077,0.0422,0.016,0.0226,0.0099,0.0079,0.0147,0.0301,0.0101,0.0446,0.0099,0.0142,0.0095,0.0432,0.0423,0.0165,0.0075,0.0114,0.0091,0.0262,0.0179,0.0114,0.0445,0,0.0125,0.0365,0.0255
0.0127,0.0162,0.014,0.0636,0.0126,0.0471,0.056,0.0136,1e-04,0.0096,0.0566,0,0.0284,0.0238,0.0122,1e-04,0.0363,0.014,0.0548,0.0093,0,0.0111,0.0557,0.0129,0.0197,0.0103,0.0159,0.0122,0.0302,0.0139,0.0131,0.0142,1e-04,0.0148,0.0425,0.0309
0.052,0,0.0154,0.0592,0.0131,0.0411,0.0535,0.0167,2e-04,0.0088,0.0107,0.0184,0.0245,0.019,0.009,0.0137,0.0311,0.0093,0.0492,0.0104,0.0102,0.0075,0.0121,0.012,0.021,0.0091,0.0139,0.0109,0.0321,0.0222,0.0114,0.0549,0.0133,0.0118,0.0459,0.0349
0.0107,0,0.0144,0.0584,0.0133,0.0407,0.0542,0.0096,1e-04,0.0082,0.0469,2e-04,0.0283,0.0135,0.0088,0.0192,0.0358,0.0128,0.0501,0.0128,0.0172,0.007,0.011,0.012,0.0176,0.0081,0.013,0.0498,0.0301,0.0196,0.012,0.0503,0.011,0.0124,0.0433,0.0261
0.0114,0.0163,0.0205,0.0657,0.0141,0.0472,0.0567,0.0093,0,0.009,0.0109,0.0186,0.0331,1e-04,0.0534,0.0161,0.0386,0.0118,0.056,0.0089,0.0193,0.0148,0.012,0.0115,0.0201,0.0092,0.0158,0.0102,0.0332,0.021,0.0131,0.0114,0,0.015,0.0432,0.031
0.0139,2e-04,0.0235,0.067,0.0102,0.0565,0.0639,0.0129,2e-04,0.0117,0.0145,2e-04,0.0316,0.0216,0.0125,0,0.0421,0.0135,0.0639,0.0107,0.0115,0.0144,0.0123,0.0129,0.0185,0.0095,0.0102,0.0139,0.0365,0.019,0.0166,0.0157,0.0162,0.0143,0.0481,0.0383
0.0112,0.0222,0.0081,0.062,0.0132,0.0477,0.0556,0.0113,1e-04,0.0096,0.0509,1e-04,0.0258,1e-04,0.0102,0.0181,0.0424,0.0121,0.0535,0.0144,0.0094,0.0115,0.011,0.0121,0.0227,0.0086,0.0111,0.0113,0.0357,0.0186,0.0132,0.0559,1e-04,0.0143,0.0472,0.0272
0.0142,0,0.0104,0.0714,0.0143,0.0497,0.0617,0.0099,2e-04,0.0097,0.0607,0.0265,0.0292,0.0154,0.0116,1e-04,0.0429,0.0133,0.0133,0.0162,0.0218,0.0184,0.0128,0.0129,0.0194,0.0094,0.01,0.0123,0.0375,0.0281,0.0147,0.0135,0,0.0125,0.0507,0.0338
0.0418,0.018,0.0144,0.0524,0.0105,0.041,0.0467,0.0121,1e-04,0.007,0.0068,0.0167,0.0228,1e-04,0.0422,0.0166,0.032,0.0138,0.0449,0.0094,0.0154,0.0126,0.0077,0.0422,0.0158,0.0073,0.0129,0.0421,0.0237,0.0168,0.0081,0.042,0.0154,0.0116,0.0318,0.0238
0.0102,0.0128,0.0167,0.0604,0.0125,0.0436,0.0481,0.0096,1e-04,0.008,0.0468,0.0162,0.0264,0.0164,0.0084,0,0.0344,0.0148,0.0491,0.0156,0.0126,0.0111,0.0509,0.0116,0.0198,0.0091,0.0141,0.009,0.0289,0.0142,0.0098,0.047,0.0121,0.0102,0.0384,0.0296
0.0505,0,0.0162,0.058,0.0135,0.0453,0.0568,0.0185,0.0151,0.0088,0.0113,0.0192,0.0294,0.0211,0.0086,1e-04,0.0367,0.0133,0.0501,0.0092,0.0136,0.0101,0.052,0.0105,0.0231,0.0088,0.0104,0.0104,0.0291,0.0198,0.0117,0.0118,1e-04,0.0105,0.0431,0.0318
0.0103,0.0207,0.0185,0.0552,0.0132,0.0444,0.048,0.0114,0.0145,0.0082,0.0095,0.0181,0.0233,0.0125,0.0069,0.0133,0.0313,0.0132,0.0085,0.016,0.012,0.0153,0.0466,0.0111,0.0193,0.0085,0.0118,0.0487,0.0311,0.0212,0.0111,0.0494,0.0163,0.0121,0.0376,0.0294
0.0145,0.0229,0.0108,0.0146,0.0139,0.0487,0.0638,0.0152,2e-04,0.0113,0.0615,0.0208,0.0316,0.0257,0.0124,1e-04,0.0419,0.0126,0.0132,0.0158,0.0167,0.0115,0.0145,0.015,0.0241,0.0113,0.0195,0.0129,0.0393,0.0221,0.0148,0.0148,0.0164,0.0123,0.0489,0.0329
0.0134,0.0219,0.0106,0.0691,0.0112,0.0463,0.0601,0,0.0171,0.0098,0.0129,1e-04,0.032,0.0189,0.0119,0.0166,0.028,0.0059,0.0608,0.0117,0,0.0098,0.0129,0.0594,0.0207,0.0114,0,0.0124,0.0357,0.0236,0.0132,0.0141,1e-04,0.0167,0.0544,0.0358
0.0504,0.0203,0.014,0.0115,0.0136,0.0418,0.0488,0.0124,2e-04,0.0077,0.0091,0,0.0254,0.0137,0.0088,0.0157,0.0334,0.0154,0.0481,0,0.0152,0.0117,0.0442,0.046,0.0179,0.0084,0.0102,0.0477,0.0292,0.018,0.0094,0.0547,0,0.0116,0.0404,0.0236
0.0115,0.0193,0.0128,0.059,0.0108,0.045,0.0583,0.0061,0,0.0092,0.0122,0.0191,0.0314,0.0153,0.01,0.0243,0.0414,0.0145,0.0576,0,0,0.0129,0.0111,0.0131,0.0233,0.0091,0.0123,0.0113,0.0368,0.0242,0.0537,0.0126,0.0144,0.008,0.0452,0.0327
0.0104,0.0159,0.015,0.0682,0.0101,0.0394,0.0562,0.0138,0,0.01,0.0142,1e-04,0.0309,0.0145,0.0538,0.0146,0.0346,0.0141,0.01,0.0163,0.0107,0.0131,0.0132,0.0113,0.0215,0.0097,0.0161,0.0114,0.0328,0.0253,0.0109,0.0563,0.0159,0.0121,0.043,0.0331
0.0481,0,0.0158,0.0644,0.0132,0.0433,0.0505,0.0153,2e-04,0.0079,0.0103,0.0183,0.0281,0.021,0.0084,0,0.0341,0.0176,0.0101,0.0145,0.0158,0.0152,0.0107,0.0572,0.0196,0.0081,0.0121,0.009,0.032,0.0222,0.0098,0.0557,0.0119,0.0109,0.0391,0.0281
0.0398,0.0103,0.0182,0.0531,0.0123,0.0393,0.0445,0.0104,0.0165,0.0079,0.007,0,0.0193,0.0115,0.0468,0.0107,0.0291,0.0133,0.0432,0.0073,0.0079,0.0144,0.0099,0.044,0.0215,0.0079,0.011,0.0414,0.0252,0.0162,0.0084,0.0389,0.0138,0.0118,0.0392,0.0265
0.0124,1e-04,0.019,0.063,0.0121,0.0483,0.0576,0.014,0.0174,0.0097,0.0124,0.0177,0.0283,0.0154,0.0101,0.0155,0.0395,0.0151,0.0115,0.0143,0.013,0.0176,0.0129,0.0134,0.0235,0.01,0.0187,0.0102,0.0388,0.0203,0.013,0.0641,1e-04,0.0143,0.0379,0.0373
0.0146,2e-04,0.0184,0.0657,0.0113,0.0577,0.0649,0.0075,1e-04,0.0118,0.0141,0.0203,0.0343,0.0183,0.0133,1e-04,0.0369,0.0108,0.0115,0.0142,0.0163,0.0084,0.0143,0.0658,0.0192,0.0101,0.0173,0.0139,0.0419,0.0143,0.0152,0.0148,0.0182,0.0102,0.0418,0.0308
0.0148,0.0185,0.0155,0.0706,0.015,0.0538,0.065,0.0069,0,0.0113,0.013,0,0.0384,0.0262,0.0113,0,0.0517,0.0204,0.0131,0.013,0.0124,0.0168,0.0148,0.0131,0.0262,0.0104,0.0091,0.0145,0.0362,0.0266,0.0142,0.0137,1e-04,0.0151,0.0578,0.039
0.0143,1e-04,0.0134,0.0749,0.0162,0.0565,0.0658,0,0.0209,0.011,0.0123,0.0255,0.0359,0.0222,0.0104,0.0182,0.0447,0.0129,0.0115,0.0165,0.0142,0.0115,0.0127,0.0125,0.0272,0.0093,0.0144,0.0126,0.0335,0.0198,0.014,0.0141,1e-04,0.0168,0.0439,0.0387
0.011,1e-04,0.0069,0.0521,0.0103,0.037,0.0475,0.0141,1e-04,0.0084,0.0104,0.0194,0.0248,0.013,0.0441,0.0118,0.0357,0.0121,0.0475,0.014,0.0081,0.012,0.0469,0.0467,0.0184,0.0084,0.0142,0.0099,0.0298,0.0175,0.0101,0.0571,0,0.0115,0.0384,0.0292
0.0144,2e-04,0,0.0644,0.0106,0.0458,0.0571,0,2e-04,0.0102,0.0117,2e-04,0.0316,0.025,0.0098,1e-04,0.0408,0.0073,0.0587,0,0.0162,0.0135,0.0601,0.0588,0.0218,0.0109,0.0134,0.0121,0.0269,0.0217,0.0125,0.0151,0.0157,0.0125,0.0435,0.0357
0.015,0.0188,0.018,0.0751,0.0141,0.0495,0.0604,0.0137,2e-04,0.0114,0.0133,1e-04,0.0325,0.0175,0.064,0,0.0367,0.0145,0.012,0,0.0206,0.0111,0.0136,0.0134,0.023,0.0117,0.0172,0.0127,0.0281,0.0229,0.0155,0.0151,0,0.0187,0.0565,0.0316
0.0157,0.0201,0.0165,0.0743,0.0113,0.0582,0.0649,0.0124,1e-04,0.0108,0.0132,2e-04,0.0292,0.0168,0.0125,0.0218,0.0401,0.0132,0.0629,0.0107,0.0131,0.0138,0.0149,0.0145,0.0211,0.0105,0,0.0142,0.0279,0.0226,0.0147,0.0143,1e-04,0.0141,0.0478,0.03
0.0112,0.0158,0.0156,0.0551,0.0135,0.0413,0.0499,0.012,1e-04,0.0081,0.0096,0.0228,0.0231,0,0.01,0.0135,0.0313,0.0149,0.0445,0.0132,0.0117,0.0152,0.0471,0.0092,0.0194,0.0077,0.0165,0.0447,0.0326,0.0195,0.0115,0.0478,0.0132,0.0137,0.0355,0.0277
0.0122,0.0172,0.018,0.0687,0.0173,0.0449,0.0552,0.0139,1e-04,0.0086,0.0105,1e-04,0.0329,0.0203,0.0115,1e-04,0.0397,0.0177,0.0109,0.0134,0.0152,0.0146,0.0548,0.0122,0.0236,0.0091,0.0186,0.0116,0.0376,0.0214,0.0133,0.0135,0.0192,0.019,0.0488,0.0328
0.0149,2e-04,0.0108,0.0768,0.0135,0.0513,0.0653,0.0134,2e-04,0.0106,0.0139,0,0.0377,0.0194,0.0119,0,0.0463,0.0134,0.0145,0.0111,0.0189,0.0078,0.014,0.0168,0.0233,0.0122,0.0109,0.0133,0.0349,0.0266,0.0146,0.069,0,0.0108,0.0398,0.0404
0.0148,0,0.0157,0.0156,0.0121,0.0455,0.0654,0.0103,1e-04,0.011,0.013,0.0261,0.0286,0.0159,0.0116,1e-04,0.042,0.0226,0.0121,0.0181,0.0122,0.0185,0.0144,0.0603,0.0271,0.0116,0,0.0124,0.0407,0.027,0.0128,0.0615,1e-04,0.0116,0.052,0.0357
0.0436,0.0133,0.0126,0.0453,0.0097,0.0384,0.0455,0.0126,1e-04,0.0066,0.0437,1e-04,0.0212,0.0187,0.0431,0.0122,0.0311,0.0097,0.045,0.0084,0.0167,0.0119,0.01,0.044,0.0155,0.0079,0.0122,0.009,0.0285,0.0195,0.01,0.0473,0.0118,0.0101,0.0377,0.0255
0.0131,0,0.0177,0.0734,0.014,0.0528,0.0609,0.0132,2e-04,0.0101,0.0556,1e-04,0.0317,0.0145,0.0116,0,0.0392,0.0076,0.0122,0,0.0168,0.0188,0.0135,0.0137,0.0247,0.0093,0.0129,0.0102,0.038,0.0176,0.0147,0.0581,0,0.0152,0.051,0.0361
0.0095,0.016,0.0152,0.061,0.0098,0.0434,0.0481,0.0124,0.015,0.0081,0.0421,0.0132,0.0262,0.0122,0.0419,0,0.0346,0.0137,0.0095,0.0122,0.0141,0.013,0.0111,0.0441,0.0219,0.0083,0.014,0.0104,0.0278,0.0182,0.0101,0.0465,0.0122,0.0155,0.0379,0.0293
0.0582,0.02,0.0122,0.0568,0.0129,0.048,0.0526,0.0163,0.0166,0.0093,0.0114,0,0.0312,0.0147,0.0113,0,0.0355,0.0142,0.0116,0.0144,0.0144,0.0105,0.011,0.0108,0.0222,0.0099,0.0127,0.0561,3e-04,0.0209,0.0127,0.0575,0,0.0148,0.0446,0.0329
0.0124,0.0231,0.0171,0.0637,0.0123,0.0459,0.0553,0.0112,0,0.0101,0.0106,0.0255,0.0265,0.0204,0.0108,0,0.0368,0.0166,0.0122,0,1e-04,0.0168,0.0117,0.012,0.0234,0.01,0.0091,0.0118,0.0378,0.0208,0.0596,0.0583,0.0147,0.0128,0.0413,0.0278
0.0462,0.0171,0.0084,0.053,0.0113,0.0371,0.0487,0.0144,0.0178,0.0065,0.0386,1e-04,0.0286,0.0154,0.0414,1e-04,0.0329,0.012,0.0096,0.0097,0.0086,0.0107,0.0481,0.0442,0.0164,0.0077,0.0098,0.0084,0.0282,0.02,0.0095,0.044,0,0.0133,0.0342,0.0265
0.0579,1e-04,0,0.015,0.0102,0.0424,0.059,0.0071,1e-04,0.009,0.0635,0.0238,0.0329,0,0.0103,1e-04,0.04,0.0136,0.0662,0.0093,0,0,0.0652,0.0131,0.0224,0.0101,0.0149,0.0129,0.034,0.0193,0.0138,0.0151,1e-04,0.0146,0.045,0.0375
0.0564,0.0172,0.0189,0.0665,0.0149,0.0505,0.059,0.0148,1e-04,0.0081,0.0112,0.0171,0.0304,0.015,0.0111,0.018,0.0422,0.0174,0.0104,0.0125,1e-04,0.0153,0.0113,0.0119,0.0246,0.0109,0.0086,0.0107,0.0339,0.0259,0.0141,0.0138,0,0.0157,0.0509,0.0391
0.0129,0.0198,0.0122,0.065,0.0126,0.0488,0.0576,0.0126,0,0.0087,0.01,1e-04,0.0292,0.0158,0.009,0,0.0342,0.0135,0.0549,0.0143,0.0106,0.0167,0.0098,0.0112,0.0238,0.0097,0.0125,0.0114,0.0345,0.0176,0.014,0.0609,0.0149,0.0164,0.0503,0.033
0.0116,0.0151,0.0087,0.0598,0.0149,0.0492,0.0583,0.0157,0.0177,0.01,0.012,0.0181,0.0367,0.0146,0.0103,1e-04,0.0394,0.0152,0.0111,0.0173,0.0152,0.0168,0.0653,0.013,0.0227,0.0101,0.0099,0.0114,0.0284,0.0187,0.0143,0.0131,0,0.0139,0.0532,0.0367
0.0138,1e-04,0,0.0619,0.0096,0.0456,0.0594,0.0094,2e-04,0.0095,0.0117,1e-04,0.0163,0.0212,0.0107,0,0.036,0.0142,0.0559,0.0113,0.0212,0.0068,0.0571,0.0144,0.0205,0.0105,0.0129,0.011,0.0347,0.021,0.0592,0.015,0.0166,0.0107,0.0448,0.0352
0.0125,0.0194,0.0127,0.0639,0.0123,0.0447,0.0551,0.0142,0.0173,0.0098,0.0088,1e-04,0.0258,0,0.0584,0,0.0351,0.0082,0.0121,0,0.015,0.01,0.0575,0.0125,0.0214,0.0093,0.0122,0.0127,0.0353,0.0173,0.0134,0.0566,0,0.015,0.0478,0.0321
0.0127,0.0162,0.0078,0.063,0.0127,0.0489,0.0574,0.0161,1e-04,0.0097,0.0114,0,0.0268,0.0149,0.0104,0,0.0376,0.0102,0.0585,0.0158,0.0145,0.0174,0.0546,0.0127,0.0249,0.0082,0.0181,0.0115,0.0337,0.0231,0.0133,0.0116,0.0139,0.0184,0.0427,0.0297
0.0562,0.018,0.0143,0.0593,0.0127,0.0517,0.0544,0.0089,0,0.0108,0.012,0,0.0295,1e-04,0.0101,0,0.0386,0.0114,0.0618,0,1e-04,0.0099,0.0116,0.0609,0.0232,0.0094,0.0162,0.0149,0.0376,0.0209,0.0126,0.013,0.0161,0.0138,0.036,0.0325
0.0098,0.0179,0.0165,0.0541,0.0124,0.0391,0.0477,0.0101,0,0.0091,0.043,0.019,0.0262,0.012,0.0445,0,0.0309,0.0127,0.0098,0.0117,0.0126,0.0107,0.0451,0.0081,0.0214,0.0069,0.0101,0.0431,0.0254,0.0176,0.0113,0.0484,0.0101,0.013,0.0401,0.0281
0.0142,0.0141,0.0089,0.065,0.0127,0.0449,0.054,0.0144,1e-04,0.0097,0.0566,1e-04,0.028,0.0211,0.0549,0,0.0336,0.0146,0.0553,0.0129,0.015,0.0105,0.0124,0.0123,0.0188,0.0082,0,0.0106,2e-04,0.0257,0.0124,0.0565,0,0.0126,0.0327,0.0355
0.0138,1e-04,0,0.0696,0.0146,0.0378,0.0586,0.0168,0,0.0104,0.0115,1e-04,0.0288,0,0.0109,0.0152,0.0315,0.0149,0.0618,0,0.0122,0.0117,0.0673,0.0133,0.0246,0.0109,0,0.0582,0.0347,0.0236,0.015,0.0133,1e-04,0.0142,0.0511,0.0319
0.0578,0.0234,0.011,0.0678,0.0143,0.0466,0.0624,0.011,0.0178,0.01,0.0107,1e-04,0.037,1e-04,0.0121,0.0217,0.037,0.0185,0.0119,0.0174,1e-04,0.0128,0.0129,0.0119,0.0259,0.0099,0.0164,0.0129,0.0367,0.024,0.0124,0.0147,1e-04,0.0149,0.0486,0.0357
0.0104,1e-04,0.0083,0.0573,0.0115,0.0509,0.0537,0.0125,1e-04,0.0087,0.0097,0.0165,0.0315,1e-04,0.0519,0.0134,0.0376,0.0103,0.0098,0.0081,0.0144,0.0091,0.054,0.0128,0.0143,0.0102,0.0114,0.0492,0.0243,0.0156,0.0134,0.0516,0.0131,0.009,0.0436,0.0301
0.0146,0.0201,0.011,0.0724,0.0096,0.0475,0.0619,0.0117,0,0.0112,0.0688,1e-04,0.0206,0,0.0113,1e-04,0.041,0.0098,0.0645,0.01,0.0181,0.0084,0.0139,0.0146,0.023,0.0106,0.01,0.0134,0.0378,0.0144,0.0135,0.0158,0,0.0184,0.0489,0.0315
0.0105,0.0138,0.016,0.0597,0.0119,0.0433,0.0523,0.0147,1e-04,0.0078,0.0111,1e-04,0.0289,0.0202,0.0509,1e-04,0.0338,0.0136,0.0084,0.0178,0.0163,0.0156,0.0522,0.0106,0.0225,0.009,0.0156,0.0085,0.0282,0.022,0.011,0.0526,0.0127,0.0154,0.0409,0.0304
0.0504,0.0159,0.0136,0.0637,0.0153,0.0469,0.0546,0.0055,1e-04,0.0088,0.0569,1e-04,0.0282,0,0.0093,0,0.0369,0.016,0.0108,0.0147,0.0147,0.0187,0.0107,0.0107,0.0273,0.0082,0.0122,0.0541,0.0302,0.0226,0.0117,0.0117,0.0131,0.0147,0.0379,0.0323
0.0624,0.0179,0.0151,0.0673,0.0104,0.0511,0.0653,0.0099,1e-04,0.0088,0.0125,0.0253,1e-04,0.0145,0.0103,0.0155,0.0351,0.0137,0.0596,0,0,0.0069,0.0133,0.0119,0.0232,0.0098,0.0153,0.0128,0.037,0.0214,0.0131,0.0145,0.0205,0.0102,0.044,0.0297
0.0122,0.0159,0.0168,0.0667,0.0097,0.053,0.0565,0.0132,0,0.0096,0.0595,1e-04,0.0287,0.0153,0.0123,0,0.0397,0.0184,0.0576,0,0.0194,0.0081,0.0122,0.0135,0.0227,0.0102,0.0133,0.0108,0.0312,0.0276,0.0143,0.0138,1e-04,0.0161,0.0437,0.0363
0.0116,1e-04,0.0175,0.0603,0.0148,0.0475,0.0531,0.0127,0.0149,0.0077,0.0103,0.0208,0.0254,0.0188,0.0083,0.0142,0.0382,0.0118,0.0095,0.0165,0.0135,0.0106,0.0529,0.0103,0.0179,0.0071,0.0073,0.0492,0.0294,0.0219,0.0107,0.0466,0,0.0126,0.0444,0.0301
0.0131,0,0.0127,0.0641,0.0141,0.0508,0.0623,0.0139,1e-04,0.0105,0.0119,0.0195,0.0287,0.0174,0.0118,0.0211,0.0459,0.0155,0.0128,0.0165,0.0122,0.0128,0.0134,0.0149,0.0239,0.0102,0.0087,0.0111,0.0351,0.0234,0.0122,0.0687,1e-04,0.0136,0.041,0.0345
0.0127,0.0162,0.0204,0.0577,0.0149,0.0534,0.0568,0.0066,0,0.0095,0.0128,0.0192,0.0332,0,0.0115,1e-04,0.0435,0.0172,0.0123,0.009,0,0.0105,0.0603,0.0583,0.0216,0.0095,0.0153,0.0124,3e-04,0.022,0.013,0.0578,1e-04,0.015,0.0417,0.0337
0.0098,0.0195,0.0079,0.0547,0.0119,0.0433,0.0544,0.0118,1e-04,0.0081,0.0102,0.0209,0.0271,0.0126,0.008,1e-04,0.0342,0.0154,0.0493,0.0071,0.0184,0.0164,0.0118,0.0107,0.0221,0.0082,0.0133,0.0502,0.0303,0.0224,0.0124,0.0571,0.0144,0.0145,0.0405,0.0294
0.0157,0.0195,0.0153,0.0672,0.0071,0.0522,0.0663,0.0156,0,0.0107,0.0137,0.021,0.0307,0.0229,0.0118,0.0226,0.0473,0.0136,0.013,0.0164,1e-04,0.0135,0.0154,0.0154,0.0174,0.0125,0.0182,0.0129,0.0459,0.0273,0.016,0.0151,0,0.0123,0.0435,0.0304
0.0145,0.0219,0.0221,0.0707,0.014,0.0594,0.0662,0.0158,2e-04,0.013,0.0155,1e-04,0.0262,0.0198,0.0121,1e-04,0.0454,0.006,0.0132,0.0165,0.0128,0.0087,0.0154,0.0155,0.0227,0.0119,0.0116,0.0139,0.0359,0.021,0.0162,0.0142,0.0173,0.0166,0.0539,0.0382
0.0103,0.0147,0.013,0.0511,0.0102,0.0408,0.0494,0.0132,1e-04,0.0082,0.0092,2e-04,0.0267,1e-04,0.0096,0.0138,0.0361,0.0109,0.0512,0.0116,0.0091,0.0079,0.0105,0.0498,0.02,0.0084,0.012,0.0485,0.0246,0.0187,0.0505,0.05,0,0.0149,0.0415,0.0317
0.0114,0.0179,0.0163,0.0537,0.013,0.0455,0.0497,0.0162,0,0.0077,0.0585,1e-04,0.0279,0.0199,0.0087,1e-04,0.0404,0.0102,0.0103,0.0167,0.0153,0.0155,0.0118,0.055,0.0195,0.0081,0.0191,0.0103,0.0359,0.0194,0.0112,0.0512,1e-04,0.0174,0.0357,0.0288
0.0527,0.0173,0.015,0.0595,0.0113,0.0447,0.0552,0.0126,2e-04,0.0087,0.0099,0,0.027,0.0135,0.0096,0.0137,0.0375,0.0118,0.0539,0.0154,0.0158,0.0122,0.0117,0.0122,0.0218,0.0079,0.0089,0.0107,0.0336,0.0173,0.0101,0.054,1e-04,0.0161,0.0429,0.0337
0.0112,0.0184,0.0171,0.061,0.0136,0.0419,0.0445,0.0134,0,0.0066,0.0099,2e-04,0.0278,0.0164,0.0468,0.0159,0.0333,0.0109,0.049,0.0129,0.0149,0.0098,0.0098,0.0102,0.0202,0.0076,0.0082,0.0436,0.0296,0.0151,0.0098,0.0516,0.0166,0.0106,0.0393,0.0308
0.0109,0,0.011,0.0634,0.0109,0.0451,0.0496,0.0109,0.0157,0.0081,0.01,0.0167,0.0262,0.0204,0.0089,1e-04,0.0403,0.0099,0.0107,0.0118,0.0124,0.0136,0.0489,0.0495,0.021,0.0096,0.0108,0.0099,0.0308,0.0169,0.012,0.0573,0.0132,0.016,0.0468,0.0292
0.0127,2e-04,0.0086,0.07,0.0138,0.0471,0.0637,0.0132,1e-04,0.0103,0.0139,0,0.028,0.0165,0.0109,1e-04,0.0309,0.0089,0.013,0.0096,0.0135,0.0159,0.013,0.0123,0.0227,0.0098,0.0093,0.0568,0.04,0.0284,0.0123,0.0572,0.0163,0.018,0.0468,0.0347
0.0107,0.0165,0.009,0.0609,0.011,0.0456,0.0553,0.0152,0.021,0.0084,0.0559,1e-04,0.0312,0.0154,0.0103,0.0126,0.0412,0.0141,0.052,0.0083,0.0142,0.0133,0.0118,0.0131,0.0237,0.0101,0.0119,0.0117,0.0354,0.0183,0.0129,0.0128,0,0.0171,0.0486,0.0289
0.0116,0.0179,0.0188,0.0587,0.0119,0.0411,0.0533,0.0105,2e-04,0.01,0.0121,2e-04,0.0211,0.0186,0.0112,0.0169,0.0375,0.0085,0.0552,0.0091,0.0105,0.0113,0.0122,0.0126,0.0197,0.0085,0.0139,0.0563,0.0307,0.0269,0.0137,0.0647,0,0.0112,0.0362,0.0257
0.0118,0.0139,0.0151,0.0569,0.0145,0.0444,0.0547,0.0077,2e-04,0.0081,0.05,2e-04,0.0288,0.0158,0.009,0,0.0344,0.0139,0.0084,0.0173,0,0.0129,0.0543,0.0097,0.0207,0.0087,0,0.0088,0.0231,0.022,0.0536,0.0518,0.0186,0.0151,0.0424,0.0317
0.0611,0.0195,0.0173,0.0623,0.0152,0.0426,0.0558,0.0103,1e-04,0.0093,0.0569,0.0162,0.0254,0.0181,0.0101,0,0.0332,0.005,0.0535,0.0135,0.015,0.0122,0.0126,0.0107,0.0217,0.0085,0.0155,0.0108,0.0227,0.0211,0.0126,0.011,0,0.0105,0.0357,0.0325
0.0139,0.0181,0.0146,0.0673,0.014,0.0478,0.0579,0.0147,0,0.0096,0.0109,2e-04,0.0293,0.0195,0.0114,1e-04,0.0394,0.0183,0.0109,0.0103,1e-04,0.0116,0.0129,0.0132,0.0252,0.0108,0.0086,0.0546,0.0247,0.026,0.0141,0.0628,0.0146,0.0154,0.0467,0.029
0.0133,2e-04,0,0.0609,0.0134,0.0463,0.0606,0.0138,2e-04,0.0086,0.0529,0.018,0.0232,0.022,0.0551,1e-04,0.0391,0.0138,0.0122,0.013,0.0102,0.0157,0.0584,0.0119,0.0241,0.0092,0.009,0.0114,0.029,0.0186,0.013,0.0129,1e-04,0.0129,0.0414,0.034
0.0131,0,0,0.0151,0.0127,0.0468,0.0611,0.0076,2e-04,0.0115,0.0607,2e-04,0.0273,1e-04,0.0111,1e-04,0.0381,0.0153,0.059,0.011,0.0103,0.009,0.0671,0.0622,0.0217,0.0092,0.0164,0.0141,0.0311,0.0212,0.0155,0.0148,1e-04,0.0138,0.0472,0.0338
0.014,0.0183,0,0.0696,0.0126,0.0564,0.0641,0.0121,0.0212,0.0117,0.0119,1e-04,0.0303,0.019,0.0122,1e-04,0.0434,0.0141,0.013,0.0197,0.0132,0.0168,0.0145,0.0134,0.0217,0.0106,0,0.0136,4e-04,0.022,0.0152,0.0643,0.0228,0.0155,0.0541,0.0366
0.0113,0.0181,0,0.0586,0.0134,0.0481,0.0511,0.0057,0.0158,0.0071,0.0091,1e-04,0.0304,0.0148,0.0093,0,0.036,0.0132,0.0486,0,0.0108,0.0128,0.0103,0.0506,0.0216,0.0075,0.013,0.0465,0.0277,0.0173,0.0114,0.0515,0.0205,0.0164,0.0412,0.0287
0.0141,1e-04,0,0.0709,0.0145,0.0504,0.0604,0.0179,0,0.0116,0.0125,2e-04,0.0249,0.0173,0.0123,0.0163,0.0431,0.0151,0.0599,0.0109,0.0125,0.0078,0.062,0.0132,0.0271,0.0115,0.0102,0.0118,0.0281,0.0194,0.0145,0.0143,1e-04,0.0124,0.0481,0.0331
0.0142,0.0178,0.0158,0.0653,0.0148,0.0455,0.0617,0.0136,1e-04,0.0094,0.0123,0,0.0344,0.0168,0.0109,0.016,0.0334,0.0096,0.0112,0.0152,0.0123,0.0165,0.0107,0.0132,0.0247,0.0095,0.0123,0.013,0.0361,0.0201,0.0138,0.0648,0.0152,0.0159,0.0448,0.0376
0.0152,2e-04,0.012,0.078,0.0114,0.054,0.0619,0.0081,1e-04,0.0127,0.0133,1e-04,0.0378,0.0192,0.0133,1e-04,0.0392,0.0125,0.0663,0.0109,1e-04,0.0085,0.0146,0.016,0.0234,0.0126,0.0115,0.0129,0.0361,0.02,0.0165,0.0153,0.0188,0.0183,0.0485,0.0391
0.0453,0.0174,0.0144,0.0546,0.0127,0.042,0.0538,0.0119,0.0143,0.0079,0.0096,0.0157,0.0277,0.0199,0.0089,1e-04,0.0329,0.0116,0.0469,0.0106,0.0154,0,0.0449,0.0102,0.0186,0.0078,0.0147,0.0095,0.0224,0.0194,0.0097,0.046,0.0174,0.0127,0.0402,0.0314
0.0105,0,0.0133,0.063,0.0127,0.0459,0.0563,0.0155,0,0.0081,0.0119,0.0254,0.0241,0.0217,0.0093,0,0.0406,0.0154,0.0109,0.0138,1e-04,0.0148,0.0119,0.0119,0.0203,0.0095,0.0083,0.0104,0.0347,0.0221,0.0535,0.0622,0.0227,0.0149,0.0484,0.0344
0.0124,0.0216,0.0164,0.0574,0.0127,0.0299,0.0546,0.0097,1e-04,0.0093,0.0472,0,0.0321,0,0.009,0.0175,0.0373,0.0159,0.0109,0.0079,0.0189,0.0109,0.0525,0.0134,0.0219,0.0106,0.0088,0.0107,0.0316,0.0225,0.0116,0.0564,0.0163,0.0138,0.0461,0.0306
0.0124,0.0257,0.0129,0.0623,0.0149,0.0439,0.0552,0.0126,0,0.0101,0.0529,0,0.0261,0.0185,0.011,0,0.0391,0.0137,0.0098,0.0197,0.0113,0.0154,0.0125,0.0128,0.0247,0.01,0.0164,0.0115,0.0369,0.0221,0.0117,0.057,1e-04,0.0158,0.0431,0.0364
0.0129,0.0169,0.0128,0.0708,0.0132,0.0519,0.0648,0.0167,1e-04,0.0094,0.0125,1e-04,0.0313,0.0159,0.0098,0.0141,0.0387,0.0175,0.0553,0.0139,0,0.0144,0.0133,0.0126,0.0235,0.0093,0.0145,0.0107,0.0289,0.0245,0.0131,0.0136,0.0187,0.015,0.0496,0.0382
0.0089,0,0.0141,0.0578,0.0121,0.0464,0.0502,0.0116,0,0.0099,0.0111,1e-04,0.0226,0.0151,0.0075,0,0.0352,0.0095,0.0578,0,1e-04,0.0068,0.0551,0.0131,0.0239,0.0098,0.0114,0.0535,0.0352,0.0245,0.0119,0.0582,0.0158,0.0136,0.0449,0.0308
0.0515,1e-04,0.0115,0.0555,0.0122,0.0439,0.0494,0.0114,2e-04,0.0092,0.009,0,0.0253,0.0169,0.0092,0.0123,0.0365,0.0168,0.0472,0.0171,0.0204,0.0105,0.0482,0.0109,0.0203,0.008,0.0166,0.0092,0.0295,0.025,0.0117,0.0506,1e-04,0.0137,0.0381,0.0305
0.0508,0.0222,0,0.0619,0.0144,0.0431,0.0546,0.0129,0.0153,0.0096,0.0111,0,0.0342,0.0217,0.0104,1e-04,0.0411,0.0146,0.0117,0.0114,0.0147,0.0101,0.0099,0.0109,0.0228,0.0098,0.0115,0.01,0.0345,0.0222,0.0116,0.0565,0.0123,0.0174,0.0511,0.0321
0.0092,1e-04,0.0152,0.0604,0.0119,0.0441,0.0514,0.0144,0,0.0081,0.0514,0.0145,0.027,0,0.0087,0.014,0.031,0.0154,0.011,0.0077,0.0103,0.0107,0.0562,0.0128,0.0198,0.0085,0.0153,0.0481,0.0223,0.0188,0.012,0.0545,0.0144,0.0141,0.0381,0.0271
0.0105,0.019,0.0125,0.0617,0.0142,0.0447,0.0568,0.0127,0.0166,0.0094,0.0105,0.0229,0.0274,0.0157,0.0099,0,0.0393,0.0134,0.0122,0.0136,0,0.0158,0.0534,0.0113,0.022,0.0094,0.0139,0.0109,0.0266,0.0192,0.0118,0.0578,0.017,0.0134,0.041,0.032
0.0116,0.0148,0.0174,0.0578,0.0122,0.042,0.0564,0.0136,1e-04,0.0084,0.0464,1e-04,0.0286,0.018,0.0097,0.0113,0.0399,0.0154,0.0104,0.0177,0.0118,0.0107,0.0112,0.0501,0.0218,0.0084,0.0107,0.0102,0.0339,0.0215,0.0118,0.0482,0.0131,0.012,0.0422,0.0291
0.0099,2e-04,0.0143,0.0538,0.0113,0.0443,0.0533,0.0173,2e-04,0.0084,0.0478,1e-04,0.0266,0.019,0.0091,0.0167,0.0346,0.0086,0.0102,0.0121,0.0162,0.0127,0.0542,0.0498,0.0228,0.0082,0.0134,0.0109,0.0326,0.0163,0.0098,0.0583,1e-04,0.0127,0.0339,0.0288
0.0427,0.0227,0.0141,0.0547,0.0138,0.0453,0.0512,0.0127,0,0.0094,0.0464,0.0135,0.0285,0.0179,0.0102,0.0144,0.0384,0.0149,0.0097,0.0121,0.0097,0.0154,0.0103,0.0088,0.0215,0.0072,0.0088,0.052,0.0285,0.0226,0.0116,0.0106,0.0166,0.0142,0.0404,0.0277
0.0114,0.0149,0.0195,0.0571,0.0148,0.0477,0.0551,0.0121,1e-04,0.0104,0.012,2e-04,0.0287,0,0.0091,0.0141,0.037,0.0131,0.0528,0,0.0139,0.0142,0.0109,0.0547,0.0236,0.0089,0.0136,0.0096,0.0344,0.0174,0.0123,0.053,0.014,0.011,0.0467,0.0302
0.0123,0.0176,0.0143,0.0646,0.011,0.0465,0.0571,0.0096,1e-04,0.01,0.0586,0.0197,0.0268,0,0.0105,0.0149,0.0398,0.0111,0.0112,0,0,0.012,0.0127,0.0128,0.02,0.0096,0.0104,0.0568,0.0249,0.0229,0.0137,0.0562,0,0.0129,0.0447,0.0332
0.0109,0.0146,0.0198,0.0605,0.0115,0.0439,0.055,0.0168,0,0.0088,0.0104,0.0153,0.0299,0.0146,0.049,0.0141,0.0359,0.0127,0.0533,0.0148,0,0.013,0.0115,0.012,0.0203,0.0089,0.0101,0.0098,0.0332,0.0176,0.0111,0.0543,0,0.0124,0.0436,0.0289
0.0124,0.0202,0.0144,0.0639,0.0154,0.0514,0.0569,0.0124,2e-04,0.0099,0.0112,1e-04,0.0295,0.0212,0.0592,0,0.0407,0.0177,0.0578,0,0.0109,0.0152,0.0131,0.0117,0.0225,0.0095,0.0148,0.0096,0.0315,0.0129,0.0122,0.0132,0.0154,0.0152,0.0446,0.0317
0.0139,1e-04,0.0093,0.0688,0.013,0.0373,0.0638,0.0178,2e-04,0.01,0.0126,0.0284,0.0315,0.0201,0.0106,0.0156,0.0442,0.0173,0.0587,0.0178,1e-04,0.0134,0.0153,0.0144,0.0205,0.0114,0.0169,0.0106,0.0275,0.0255,0.0136,0.0129,0,0.015,0.051,0.0394
0.0481,1e-04,0.0134,0.0562,0.0117,0.0396,0.0459,0.0102,2e-04,0.0079,0.0093,0.0138,0.0259,0.0114,0.0431,0.0118,0.0346,0.0127,0.0462,0.0127,0.0111,0.0113,0.0112,0.0452,0.0161,0.0082,0.0109,0.0107,0.0283,0.0135,0.0091,0.0625,1e-04,0.0143,0.0408,0.0304
0.0133,2e-04,0.0145,0.0628,0.0109,0.0444,0.0512,0.014,1e-04,0.0074,0.0486,2e-04,0.0201,0.0145,0.0521,0,0.0386,0.0116,0.0478,0.0112,0.0133,0.016,0.0104,0.0101,0.0225,0.0083,0.0124,0.0114,0.0316,0.0157,0.0122,0.0496,0.0163,0.016,0.0384,0.0308
0.0101,2e-04,0.0105,0.0584,0.0144,0.0438,0.0506,0.0141,0.0136,0.0094,0.0099,0.0152,0.0279,0.022,0.0081,0.0113,0.0357,0.0079,0.0446,0.0075,0.0099,0.014,0.0473,0.0096,0.0193,0.0078,0.0081,0.045,0.0314,0.0206,0.0113,0.0499,0.0113,0.0126,0.0388,0.0264
0.011,0,0.0199,0.062,0.0139,0.045,0.0553,0.0127,1e-04,0.0097,0.0112,1e-04,0.0299,0.0186,0.01,0.015,0.0341,0.0147,0.0117,0.0082,0.0136,0.0119,0.0595,0.0132,0.0193,0.0091,0.0083,0.0503,0.0322,0.0153,0.0523,0.0113,0.0139,0.0115,0.0427,0.031
0.011,0.0183,0.0169,0.0547,0.0106,0.0453,0.053,0.0098,0.0152,0.0087,0.0094,1e-04,0.0256,0,0.0494,0.0133,0.0349,0.0123,0.0495,0.0083,0.0089,0.0085,0.0569,0.0113,0.0214,0.0098,0.0104,0.0106,0.0313,0.019,0.0124,0.0593,1e-04,0.0073,0.033,0.032
0.0118,2e-04,0.0187,0.0621,0.0126,0.0514,0.0623,0.0094,2e-04,0.0112,0.0132,1e-04,0.0336,0.0163,0.0107,1e-04,0.044,0.0064,0.0706,0.0096,0.012,0.0187,0.0133,0.0147,0.0245,0.0099,0.0174,0.0124,0.0406,0.0222,0.014,0.0128,0.0211,0.0152,0.0499,0.0353
0.0147,0.0279,0.0104,0.0804,0.0149,0.0604,0.0642,0.0147,2e-04,0.0115,0.0145,1e-04,0.0286,1e-04,0.012,0,0.0402,0.015,0.0142,0,0.0137,0.0153,0.0135,0.0151,0.0192,0.0116,0.0177,0.0704,0.0304,0.0153,0.0158,0.0173,1e-04,0.0134,0.0444,0.0413
0.0124,0.0262,0.0177,0.0124,0.0219,9e-04,5e-04,0.0291,0.0232,0.0098,0.0545,0.0304,0.0182,0.0198,0.0101,0.0206,3e-04,0.0204,0.0124,0.0257,0.0165,0.0246,0.0569,0.0589,0.0164,0.0098,0.0221,0.0642,1e-04,0,0.0619,0.0137,0.0244,0.0184,0.001,0.0231
0.0607,0.0243,0.0205,0.0146,0.0262,0.0011,5e-04,0.0305,0.0262,0.0115,0.0118,0.0259,1e-04,0.0164,0.0115,0.0156,0,0.0263,0.0129,0.025,0.0231,0.031,0.0662,0.0618,0.0208,0.0121,0.0274,0.0138,3e-04,0.0176,0.0766,0.0147,0.032,0.0179,0.0016,0
0.0802,1e-04,0.0204,0.017,0.0295,0.0016,8e-04,0.0357,0.029,0.0119,0.016,0.0295,2e-04,0.0253,0.0131,1e-04,3e-04,0.0249,0.0146,0.0272,0.0273,0.0341,0.0158,0.074,0.0194,0.0122,0.0274,0.0148,5e-04,0.0169,0.083,0.0173,0.0367,0.0202,0.0013,2e-04
0.0603,0.0219,0.0158,0.0151,0.0221,0.0015,9e-04,0.0256,0.0221,0.01,0.0123,0.034,0.0246,1e-04,0.0116,1e-04,0.0268,0.0209,0.0121,0.0211,0.013,0.0269,0.0139,0.0598,0.0164,0.0099,0.0217,0.0701,2e-04,1e-04,0.067,0.0657,0.0243,0.0121,0.0013,0.0172
0.02,0.0266,0.0276,0.0222,0.031,0.0021,0.0014,0.0407,2e-04,0.0162,0.019,0.042,1e-04,1e-04,0.0163,1e-04,3e-04,0.0277,0.0189,0.0381,0.0195,0.037,0.0953,0.0225,0.0259,0.0146,0.0287,0.0184,5e-04,0.0213,0.0223,0.0215,0.0453,0.0255,0.0015,0.0281
0.063,0.023,0.019,0.0133,0.0213,0.0012,4e-04,0.0289,0.0185,0.0093,0.0566,0.027,0,1e-04,0.0098,1e-04,5e-04,0.0185,0.0109,0.0115,0.0174,0.0262,0.0587,0.0604,0.0167,0.0089,0.0249,0.0117,4e-04,0.0228,0.0651,0.0643,0.0288,0.0174,5e-04,0.0214
0.0655,0.0249,0.024,0.0131,0.0257,0.0012,5e-04,0.0313,0,0.011,0.014,0.0236,0,0.0216,0.0108,0.0165,4e-04,0.022,0.0117,0.022,0.0239,0.0283,0.0691,0.0602,0.0133,0.0112,0.026,0.0615,2e-04,0.0129,0.071,0.0141,0.0277,0.0182,9e-04,2e-04
0.0204,0.0265,0.0216,0.0213,0.0279,0.0016,0.0012,0.0338,0.0274,0.0152,0.0178,0.0298,1e-04,0.0246,0.0171,1e-04,6e-04,0.0294,0.0185,0.014,0.0259,0.0356,0.0207,0.0952,0.0133,0.0143,0.025,0.0198,6e-04,0,0.1029,0.0214,0.0294,0.0235,0.0019,1e-04
0.0165,0.03,0.0261,0.0161,0.0219,0.0017,0.001,0.0279,0.0342,0.0136,0.0155,1e-04,1e-04,0,0.0126,1e-04,3e-04,0.0219,0.0157,0.0164,0.0148,0.0287,0.0808,0.0171,0.0149,0.0126,0.0222,0.0758,5e-04,0.0231,0.0834,0.0807,0.0326,0.0181,0.0014,1e-04
0.0693,0.019,0.0162,0.0152,0.0238,0.001,8e-04,0.0278,0.0251,0.0104,0.0125,0.0282,1e-04,0.0175,0.0114,1e-04,0.0299,0.0246,0.0115,0.0241,0.019,0.0272,0.013,0.0627,0.012,0.0108,0.023,0.06,2e-04,0.0144,0.0642,0.0616,0.0237,0.0168,0.0013,1e-04
0.0628,0.0186,0.0205,0.014,0.0215,0.0014,9e-04,0.0258,0.0312,0.0102,0.0111,0.0282,0,0.0145,0.01,1e-04,4e-04,0.0193,0.0111,0.0214,0.0147,0.0249,0.0623,0.0584,0.0107,0.0101,0.0234,0.0564,2e-04,0.0176,0.0665,0.0592,0.0298,0.0201,0.001,2e-04
0.0751,0.0262,0.0247,0.0151,0.0235,0.0019,9e-04,0.0283,0.0207,0.0116,0.0137,0.0307,2e-04,0.0177,0.0116,0.023,5e-04,0.0192,0.0134,0.0205,0.0136,0.0287,0.0139,0.015,0.0139,0.0123,0.0238,0.0699,2e-04,0.0222,0.0709,0.0738,0.0232,0.0173,0.0011,2e-04
0.0144,0.0252,0.022,0.0153,0.0244,0.0014,0.001,0.0285,0.0271,0.0114,0.0135,0.0297,0.0209,0.0185,0.0114,0.023,5e-04,0.023,0.0123,0.0217,0.0127,0.0276,0.0639,0.0135,0.0148,0.0119,0.0265,0.013,4e-04,0.023,0.0747,0.0669,0.0354,0.0221,0.0013,0.0256
0.0141,0.019,0.0113,0.0149,0.024,0.0017,0.0011,0.0351,0.0289,0.0125,0.0147,0.0278,2e-04,0.0277,0.0112,0.0265,6e-04,0.0256,0.0131,0.0296,0.0247,0.0315,0.0707,0.0689,0.0266,0.0112,0.0287,0.0143,3e-04,0.0159,0.0793,0.0158,0.0308,0.019,0.0012,0
0.0754,1e-04,0.0128,0.0171,0.0227,0.0016,0.0012,0.0297,0.0358,0.0138,0.0718,0.0343,0,1e-04,0.0137,0,3e-04,0.0245,0.0153,0.0267,0,0.0287,0.0159,0.0715,0,0.0121,0.0238,0.0165,2e-04,0.0155,0.0759,0.0763,0.0315,0.0124,0.0011,2e-04
0.0197,0.0254,0.0277,0.0202,0.0303,0.0018,0.001,0.0387,0.0328,0.0147,0.0177,0.0362,1e-04,0,0.016,0.0238,0.0381,0.0308,0.0163,0.0315,0.0249,0.0399,0.0856,0.0183,0.0193,0.0146,0.0335,0.0178,3e-04,1e-04,0.0199,0.0188,0.0363,0.0249,0.0015,0
0.0177,0.0304,0.0228,0.0175,0.0251,0.0015,0.0011,0.0374,0.0308,0.0135,0.0757,0.0401,0.0233,0.0203,0.0139,0.0198,7e-04,0.0217,0.016,0.026,0.015,0.0325,0.0766,0.016,0.0248,0.0127,0.0275,0.0156,4e-04,0.0177,0.0186,0.0183,0.036,0.0104,0.001,1e-04
0.0199,0.0332,0,0.021,0.0268,0.002,0.0011,0.0363,0.0288,0.0148,0.0857,0.0351,1e-04,1e-04,0.0163,1e-04,3e-04,0.0296,0.0193,0,0.0186,0.0271,0.0189,0.0888,0.0175,0.0144,0.0335,0.0168,4e-04,1e-04,0.0198,0.09,0.0397,0.0208,0.0014,2e-04
0.0155,0.0299,0.0193,0.0166,0.0248,0.0016,0.001,0.0304,0,0.0119,0.0144,0.0337,0,1e-04,0.0129,0,4e-04,0.0181,0.0125,0.0299,0.0247,0.0301,0.0796,0.0725,0.0203,0.014,0.0249,0.0761,3e-04,0.0159,0.0803,0.0164,0.026,0.023,0.0012,2e-04
0.0733,0.0202,0.0223,0.015,0.0254,0.0018,9e-04,0.0341,0.0273,0.0125,0.0143,0.0343,1e-04,0.028,0.0137,0,3e-04,0.0274,0.0144,0.0294,0.0246,0.0296,0.0699,0.0173,0.0207,0.0132,0.0253,0.0144,1e-04,0.017,0.0814,0.0153,0.0355,0.0183,0.001,2e-04
0.0239,2e-04,0,0.0267,0.0326,0.0021,0.0015,0.0452,2e-04,0.0193,0.023,0.0374,2e-04,0.0311,0.0209,0,7e-04,0.0348,0.0228,0.04,1e-04,0.0498,0.0244,0.0241,0.0215,0.0188,0.0408,0.1209,4e-04,1e-04,0.0258,0.026,0.0291,0.032,0.002,1e-04
0.0147,0,0.0124,0.0161,0.0215,0.0013,4e-04,0.0278,0.0293,0.0108,0.0136,0.0307,1e-04,0.0189,0.0133,1e-04,0.0313,0.0181,0.0135,0.0166,0.0182,0.0274,0.0704,0.0688,0.0154,0.013,0.0119,0.0716,0.0285,0.015,0.0683,0.0126,0.0293,0.0154,0.0013,0.0209
0.0666,0.0228,0.0212,0.0146,0.0263,0.001,0.0352,0.033,0.0269,0.0108,0.0124,0.0333,0.022,1e-04,0.0109,0.018,4e-04,0.024,0.012,0.0248,0.0235,0.0318,0.0127,0.0147,0.0192,0.0096,0.029,0.0711,4e-04,0,0.0645,0.015,0.0302,0.0189,0.0015,0.0201
0.0666,0.026,0.014,0.0156,0.0247,0.0011,8e-04,0.029,0,0.0116,0.0139,0.024,0.0225,0,0.0107,0.0179,6e-04,0.0219,0.0128,0.0239,0.0213,0.0278,0.0665,0.0649,0.0195,0.0098,0.0208,0.0666,2e-04,0.0135,0.067,0.015,0.0289,0.0181,9e-04,1e-04
0.0568,0.0152,0.0154,0.0127,0.0218,0.0013,6e-04,0.0243,0.0229,0.0089,0.009,0.0181,1e-04,0.0187,0.0099,0.0139,2e-04,0.0214,0.0106,0.0189,0.0147,0.0256,0.0536,0.0587,0.0128,0.0097,0.0224,0.0533,0.0244,0.0214,0.0656,0.0544,0.0258,0.0163,7e-04,0.0184
0.0735,0.0248,0.0218,0.0166,0.0245,0.0014,8e-04,0.0318,0.0193,0.0109,0.0626,0.0319,0,0,0.0122,0,0.0289,0.0263,0.0136,0.0286,0.0193,0.0287,0.0144,0.0148,0.0222,0.0123,0.0297,0.0137,1e-04,0.0198,0.0802,0.0161,0.037,0.0188,0.0012,0.0207
0.018,0.0225,0.0241,0.0208,0.0296,0.0019,0.001,0.0367,0.0312,0.0142,0.0172,0.0401,1e-04,0.0227,0.0163,0.0293,3e-04,0.0286,0.0167,0.0408,0.0173,0.0367,0.0185,0.0181,0.0184,0.0146,0.0335,0.0174,4e-04,1e-04,0.0205,0.0844,0.0316,0.0282,0.001,0.0257
0.0691,0.0182,0.0224,0.0149,0.0238,0.001,0.0011,0.0303,0.0291,0.0108,0.014,0.0319,2e-04,0.0239,0.0114,0.0279,5e-04,0.0221,0.0124,0.0215,0.0236,0.0325,0.0685,0.0147,0.0136,0.011,0.0301,0.013,0.0291,1e-04,0.0692,0.0143,0.031,0.0206,0.0012,0.0195
0.0172,0.0319,0.0242,0.0176,0.0265,0.0019,9e-04,0.0372,0.0252,0.0133,0.0158,0.0358,1e-04,1e-04,0.0153,1e-04,3e-04,0.0256,0.016,0.0331,0.0219,0.0292,0.0167,0.0836,0.0164,0.0146,0.0321,0.0172,3e-04,0.022,0.0906,0.0203,0.0268,0.0218,0.0017,0.0252
0.0165,0.0209,0.0165,0.0175,0.0255,0.0019,6e-04,0.0332,0.0231,0.0111,0.0143,0.0312,0.0235,0,0.0142,0.02,3e-04,0.0234,0.0145,0.0293,0.0138,0.0329,0.0157,0.0162,0.0244,0.0126,0.0304,0.0745,3e-04,0.0165,0.0719,0.073,0.0365,0.021,0.0012,1e-04
0.0608,0.0231,0.0228,0.0141,0.024,0.0014,5e-04,0.0288,0.0298,0.0111,0.0637,2e-04,0.0208,0,0.0118,0.0159,4e-04,0.0179,0.0134,0.0215,0.0159,0.028,0.0624,0.0131,0.0169,0.0104,0.0209,0.0633,2e-04,0.0139,0.0701,0.0136,0.0302,0.016,0.0014,0.0202
0.0212,0.028,0.0292,0.0217,0.028,0.002,0.0011,0.0363,2e-04,0.0163,0.0184,0.039,0.0306,0.0377,0.0179,0.0252,5e-04,0.0314,0.0192,0.0286,0,0.0392,0.0208,0.0213,0.0134,0.0166,0.0261,0.0192,6e-04,0.0212,0.0983,0.0206,0.0239,0.0231,0.0015,2e-04
0.0206,2e-04,0.0154,0.0217,0.0283,0.0023,0.001,0.0359,0.0296,0.0158,0.0947,2e-04,0.0301,1e-04,0.0186,0.0259,6e-04,0.0277,0.0198,0.026,0.0269,0.0369,0.0214,0.0207,0.0193,0.0158,0.0322,0.0205,4e-04,1e-04,0.1048,0.0217,0.0238,0.0178,0.0016,1e-04
0.0163,0.0205,0.0219,0.0175,0.0242,0.0018,0.0012,0.0363,0.0237,0.0122,0.0156,0.0317,2e-04,1e-04,0.0137,1e-04,4e-04,0.0253,0.0141,0.0171,0.0148,0.03,0.0763,0.0793,0.0168,0.0123,0.0308,0.0166,3e-04,0.0163,0.0961,0.018,0.0326,0.0157,0.0017,0.027
0.0149,0.0263,0.0132,0.0166,0.0233,0.0015,8e-04,0.0339,0.0263,0.0118,0.0144,0.031,0.0276,0.0217,0.0125,0.019,4e-04,0.0205,0.0148,0.029,0.013,0.0312,0.0145,0.0725,0.0185,0.011,0.0244,0.0144,3e-04,0.0155,0.0814,0.0697,0.0312,0.0197,0.0015,2e-04
0.0596,1e-04,0.0215,0.0143,0.02,0.0012,5e-04,0.0289,0.0233,0.0085,0.0124,0.0282,0,1e-04,0.01,0.0199,3e-04,0.0227,0.013,0.023,0.0213,0.0303,0.0617,0.0728,0.0192,0.0113,0.0271,0.0121,0,0.021,0.0739,0.0139,0.0292,0.0194,0.0385,0.0193
0.0865,1e-04,0.0188,0.019,0.0287,0.0019,0.001,0.0325,0.0254,0.0145,0.016,0.0392,2e-04,0,0.0133,0.0212,7e-04,0.0214,0.0152,0.0347,0.0227,0.0374,0.0181,0.0186,0.0204,0.0141,0.0301,0.0156,3e-04,0.0187,0.0913,0.0172,0.0345,0.0229,0.0012,0.0251
0.0159,0.0192,0.0121,0.0171,0.0231,0.0017,0.04,0.0292,0.0235,0.0114,0.0144,0.0322,0,1e-04,0.013,0.018,3e-04,0.0162,0.0144,0.0166,0,0.0296,0.0736,0.0764,0.0141,0.0124,0.0172,0.0693,5e-04,0.0182,0.0802,0.0155,0.0365,0.0154,0.0011,1e-04
0.0657,0.0263,0.0142,0.0122,0.0227,0.0013,6e-04,0.0291,0.0179,0.0112,0.0589,0.0331,0.0183,0.0249,0.011,0,4e-04,0.0212,0.0137,0.0212,0.0185,0.0272,0.0611,0.0605,0.0145,0.01,0.0187,0.0124,3e-04,0.0179,0.0717,0.0136,0.0305,0.0161,0.0015,1e-04
0.0198,0.0384,0.0213,0.023,0.0329,0.0024,0.001,0.0416,2e-04,0.0157,0.0184,0.0365,2e-04,1e-04,0.0154,1e-04,4e-04,0.0276,0.0182,0.0341,0.0289,0.0359,0.0209,0.0188,0.0133,0.0146,0.0323,0.0194,3e-04,0.0216,0.1072,0.0944,1e-04,0.0215,0.0019,1e-04
0.0651,0.0197,0.0089,0.0153,0.0203,0.001,8e-04,0.0275,0.0244,0.0103,0.0124,0.0233,2e-04,0.0181,0.0112,0.017,4e-04,0.017,0.0115,0.0219,0.016,0.0291,0.0574,0.0577,0.0143,0.0101,0.022,0.0597,2e-04,0.0131,0.0627,0.0659,0.0256,0.0171,0.0012,1e-04
0.0841,1e-04,0.0264,0.0199,0.0246,0.0018,0.0011,0.0312,0.0251,0.0134,0.0173,0.027,0.0283,1e-04,0.0156,0,0.0391,0.0229,0.0172,0.034,0.0162,0.0304,0.0176,0.0186,0.0194,0.0145,0.031,0.0167,5e-04,0.0267,0.0839,0.0181,0.0322,0.0222,0.0011,2e-04
0.0171,2e-04,0.0154,0.0179,0.0246,0.0016,6e-04,0.0304,0.0215,0.0132,0.0144,0.0302,0.0252,1e-04,0.0126,0.0185,4e-04,0.0245,0.0147,0.0228,0.0251,0.031,0.0793,0.0715,0.0263,0.0126,0.0276,0.0155,5e-04,0.0214,0.0186,0.0776,0.0238,0.0207,0.0016,0.0195
0.0184,0.029,0.0235,0.0191,0.0263,0.002,0.0012,0.0304,2e-04,0.0142,0.0172,0.0334,1e-04,1e-04,0.0155,0.0216,4e-04,0.0272,0.0188,0.0215,1e-04,0.0299,0.0173,0.0897,0,0.0154,0.0286,0.0836,6e-04,0.0256,0.0923,0.0177,0.0387,0.0176,0.0011,2e-04
0.0189,2e-04,0.0246,0.0201,0.0292,0.0016,0.001,0.0351,2e-04,0.0146,0.0164,0.0353,1e-04,1e-04,0.0153,0,0.0387,0.0278,0.0159,0.0276,0.0243,0.0376,0.0179,0.0839,0.0244,0.0138,0.0297,0.0935,4e-04,1e-04,0.0188,0.0195,0.0406,0.0234,0.0017,0.0262
0.0878,0.0329,0.0183,0.0196,0.0277,0.0018,0.0012,0.0223,0.0276,0.015,0.0175,0.0281,2e-04,1e-04,0.0171,0.0241,3e-04,0.0293,0.0163,0.0208,1e-04,0.0355,0.0194,0.085,0,0.0149,0.0298,0.0177,5e-04,0,0.1005,0.0187,0.0326,0.0138,0.0018,2e-04
0.07,1e-04,0.0204,0.0145,0.0221,0.0012,6e-04,0.0274,0.0272,0.0107,0.0622,0.0275,1e-04,0.0168,0.0111,0,2e-04,0.0229,0.0132,0.0258,0.0157,0.0264,0.0614,0.0614,0.0122,0.0108,0.02,0.0126,4e-04,0.0177,0.0756,0.0149,0.03,0.0168,0.0012,0.0274
0.0718,1e-04,0.012,0.0166,0.0237,0.0017,7e-04,0.0332,0.0222,0.0127,0.0154,0.0339,1e-04,1e-04,0.0135,0.0191,0.0354,0.0248,0.0154,0.0242,0.0242,0.0288,0.0734,0.077,0,0.0142,0.0113,0.0165,4e-04,0.0173,0.0774,0.0163,0.0293,0.0143,0.0014,1e-04
0.1006,1e-04,0,0.0212,0.0271,0.0021,0.001,0.0339,0.0396,0.0151,0.017,1e-04,0.0283,1e-04,0.0166,0.0244,5e-04,0.023,0.0174,0.028,1e-04,0.0364,0.0185,0.0191,0.0246,0.0152,0.0291,0.0179,3e-04,0,0.1036,0.0207,0.0417,0.0203,0.0016,0.0333
0.0824,0.0212,0.0243,0.0184,0.0244,0.0015,8e-04,0.0328,0.0238,0.014,0.0156,0.0251,1e-04,0,0.0142,0.0214,3e-04,0.0295,0.0156,0.0286,0.0204,0.0319,0.0802,0.0173,0.022,0.0131,0.0346,0.0153,3e-04,1e-04,0.0929,0.0187,0.0204,0.016,0.0011,2e-04
0.0146,1e-04,0.0215,0.016,0.0232,0.0016,0.037,0.0336,0.0207,0.012,0.069,0.0236,0.0273,0.0173,0.0123,0.022,6e-04,0.0249,0.013,0.0277,0.0173,0.0298,0.0682,0.0158,0.0137,0.0128,0.0252,0.0143,2e-04,0.0148,0.0765,0.016,0.0346,0.0199,0.0014,0
0.0645,0.0235,0.0225,0.0137,0.0245,0.0012,7e-04,0.0306,0.0188,0.0104,0.0626,0.0322,0.0191,0,0.0121,0,4e-04,0.0232,0.0115,0.0252,0.0174,0.0277,0.0127,0.0648,0.0147,0.0105,0.0268,0.0134,3e-04,1e-04,0.0748,0.0647,0.0336,0.019,0.0011,2e-04
0.0801,0.0231,0.0134,0.0173,0.0239,0.0017,0.0012,0.0333,2e-04,0.0134,0.016,0.0264,0.0251,0,0.0142,0.0216,5e-04,0.0209,0.0165,0.0237,0.016,0.0327,0.0171,0.018,0.0187,0.0128,0.0281,0.075,3e-04,1e-04,0.0866,0.0792,1e-04,0.0198,0.0014,1e-04
0.0916,0.0291,0.0216,0.0183,0.0276,0.0019,7e-04,0.0356,0.0339,0.0133,0.0167,1e-04,0.0241,0.0277,0.0152,0,5e-04,0.0243,0.0156,0.035,0.0173,0.0305,0.0155,0.0815,0.0189,0.0135,0.0315,0.0162,4e-04,0.0243,0.0194,0.0181,0.0368,0.0201,0.0015,2e-04
0.0529,0.0225,0.0138,0.0129,0.0187,0.0012,6e-04,0.023,0.022,0.0085,0.0526,0.0199,0,0,0.0105,0.0182,4e-04,0.0166,0.0107,0.0229,0.0179,0.0269,0.0653,0.0534,0.0178,0.0091,0.0172,0.0556,3e-04,0.0114,0.0611,0.0566,0.0245,0.0155,0.001,0.017
0.0205,0.0337,0.0317,0.0223,0.0353,0.0021,0.0011,0.0428,0,0.0169,0.0189,0.0318,0.0311,0.034,0.0183,1e-04,4e-04,0.0345,0.0187,0.0371,0.02,0.0456,0.0222,0.0209,0.03,0.0162,0.0346,0.0196,5e-04,0.0209,0.0237,0.021,0.0407,0.0296,0.0017,0
0.0661,0.0254,0.0225,0.0156,0.0227,0.0011,8e-04,0.0312,0.0261,0.0115,0.0135,0.0281,1e-04,0.0182,0.0129,1e-04,4e-04,0.025,0.0132,0.0285,0.0216,0.0333,0.0706,0.0143,0.0161,0.012,0.0196,0.0139,3e-04,0.0161,0.0788,0.0654,0.0339,0.0184,0.0011,1e-04
0.0611,0.0276,0.0223,0.015,0.025,0.0014,9e-04,0.0301,0.0294,0.0109,0.0695,0.0326,2e-04,0.0211,0.0121,0.0168,6e-04,0.0277,0.0131,0.0251,1e-04,0.0306,0.0159,0.0731,0.0169,0.0116,0.0284,0.0123,5e-04,0.0143,0.0646,0.0156,0.0316,0.0195,9e-04,1e-04
0.0791,0.0323,0.0223,0.017,0.025,0.0018,0.0011,0.032,0.0222,0.0116,0.0148,0.0342,2e-04,0.0274,0.0126,1e-04,0.0317,0.0234,0.0141,0.0231,0.0139,0.0345,0.0715,0.0141,0.0105,0.0116,0.0239,0.0159,4e-04,0,0.0868,0.016,0.0332,0.0191,0.001,1e-04
0.0996,2e-04,0,0.0247,0.0305,0.0022,0.0011,0.04,2e-04,0.0167,0.02,0.0345,1e-04,1e-04,0.0176,1e-04,4e-04,0.034,0.0208,0.0277,0.032,0.0461,0.0231,0.0215,0.0189,0.0174,0.034,0.02,6e-04,1e-04,0.104,0.0227,0.0447,0.0208,0.0019,2e-04
0.0733,0.0347,0.0202,0.0154,0.0209,0.0017,7e-04,0.0305,0.0286,0.0133,0.0712,0.0247,2e-04,0,0.0117,1e-04,3e-04,0.0211,0.015,0.0175,1e-04,0.0295,0.0161,0.081,0.0094,0.012,0.0284,0.0695,4e-04,1e-04,0.0729,0.0165,0.0259,0.0141,0.0014,1e-04
0.0783,0.031,0.0258,0.0191,0.0261,0.0016,5e-04,0.0313,0.0331,0.0138,0.0165,0.0252,1e-04,1e-04,0.0137,0.0306,4e-04,0.0279,0.0163,0.0306,0.0192,0.031,0.0179,0.0172,0,0.0136,0.0261,0.0782,3e-04,0,0.0837,0.0172,0.0321,0.0184,0.0015,1e-04
0.0808,1e-04,0.0219,0.0193,0.029,0.0015,9e-04,0.0338,0.0339,0.0137,0.016,0.0278,2e-04,0,0.0145,1e-04,7e-04,0.0232,0.0162,0.031,0.0219,0.0359,0.0183,0.0166,0.0153,0.013,0.0254,0.017,4e-04,0.0267,0.0845,0.0819,0.0356,0.0199,0.0014,1e-04
0.0706,0.0231,0.0229,0.0155,0.0256,0.0012,8e-04,0.0301,0.0285,0.011,0.0654,0.0361,0.0238,1e-04,0.0128,0,0.0299,0.0245,0.0131,0.0298,0.0221,0.0303,0.0139,0.0152,0.0188,0.0125,0.0259,0.0121,3e-04,0.0141,0.0785,0.0129,0.033,0.0232,8e-04,1e-04
0.0798,1e-04,0.0224,0.0178,0.0244,0.0018,8e-04,0.0323,1e-04,0.0136,0.0166,0.0317,1e-04,0.0207,0.0132,0.0202,4e-04,0.0246,0.015,0.0207,0.028,0.0303,0.0797,0.0752,0,0.0117,0.0267,0.0149,3e-04,0,0.0866,0.0173,0.0271,0.0225,0.0018,1e-04
0.0139,0.0186,0.0172,0.0165,0.0225,0.0016,8e-04,0.0262,0.031,0.0107,0.0673,0.0344,1e-04,0.0163,0.0125,0.0178,6e-04,0.0208,0.0126,0.0183,0.0117,0.0265,0.07,0.0144,0.0203,0.013,0.0259,0.0708,0.0271,0.0154,0.0682,0.0147,0.0239,0.0158,0.001,1e-04
0.0175,0.0298,0.0225,0.018,0.0259,0.0012,4e-04,0.0343,0.0235,0.013,0.0144,0.0337,0.0236,1e-04,0.0144,1e-04,4e-04,0.0288,0.0147,0.0293,0.0255,0.0328,0.0751,0.0152,0,0.013,0.0232,0.0156,3e-04,1e-04,0.0861,0.0708,0.031,0.0211,0.0011,0.022
0.0716,1e-04,0.0231,0.0156,0.0246,0.0014,8e-04,0.0333,0.0231,0.0134,0.071,0.0373,1e-04,0,0.0142,0.02,5e-04,0.0211,0.0139,0.0237,0.0239,0.0322,0.0149,0.073,0.0174,0.0122,0.0278,0.0148,5e-04,0,0.0763,0.0167,0.036,0.0225,0.0013,2e-04
0.0762,0.0304,0.0249,0.018,0.0298,0.0016,8e-04,0.0361,0.0253,0.0139,0.0146,0.0326,2e-04,1e-04,0.0136,0.0204,4e-04,0.0299,0.0159,0.0304,0.0268,0.0358,0.0158,0.018,0.0201,0.0118,0.0329,0.0165,5e-04,0.0176,0.0838,0.0185,0.04,0.0238,0.0013,2e-04
0.0797,1e-04,0.0234,0.0155,0.0254,0.0015,9e-04,0.0309,0.0346,0.0124,0.0123,0.0345,0.0211,0.0196,0.0121,0.0184,0.0305,0.021,0.0135,0.0199,0.0211,0.0263,0.0156,0.0687,0.0103,0.0126,0.0266,0.0644,5e-04,0.0231,0.0144,0.0154,0.0345,0.0164,0.0012,1e-04
0.0632,0.0216,0.0198,0.0142,0.0221,0.0018,6e-04,0.0333,0.019,0.0114,0.011,0.0291,1e-04,0.0204,0.0104,0,5e-04,0.0248,0.0115,0.0274,0.0225,0.0259,0.0656,0.0627,0.0198,0.0102,0.022,0.0123,2e-04,1e-04,0.0619,0.0655,0.0275,0.0223,0.001,0.0168
0.0136,0,0.0152,0.0156,0.025,0.0018,9e-04,0.0301,0.0251,0.0108,0.0606,0.0268,1e-04,0.0223,0.0128,0.0228,4e-04,0.0239,0.0134,0.0228,0.0223,0.0304,0.0759,0.0704,0.0131,0.0114,0.0222,0.0123,5e-04,0.0142,0.08,0.0133,0.0261,0.0213,0.0012,0.0199
0.0685,0.0288,0.0172,0.0175,0.0236,0.0014,6e-04,0.0286,0.0213,0.0112,0.0633,0.0338,2e-04,0.0254,0.0115,0,5e-04,0.0265,0.0136,0.0256,0.0211,0.0308,0.0131,0.0155,0.0089,0.0115,0.021,0.0662,6e-04,0.0198,0.0682,0.0156,0.0275,0.0173,0.0011,0.0212
0.0171,0.0213,0.0125,0.0161,0.0239,0.0013,9e-04,0.0322,0.035,0.012,0.0137,0.0277,1e-04,1e-04,0.0129,0.0295,6e-04,0.0247,0.0129,0.0222,0.0236,0.0319,0.0702,0.0714,0.0254,0.0122,0.0254,0.013,3e-04,0.0231,0.0771,0.0148,0.0309,0.0212,0.0012,0.0201
0.0724,0.0243,0.022,0.0174,0.0242,0.0015,9e-04,0.0327,2e-04,0.0115,0.0141,0.0308,0.0204,0.0198,0.0122,0.0265,4e-04,0.0175,0.0135,0.0278,0.0244,0.0314,0.0694,0.0157,0.0191,0.0123,0.0276,0.0635,1e-04,0.0204,0.0162,0.0168,0.0293,0.0198,0.0016,0.0208
0.0734,0,0,0.0167,0.0236,0.0011,0.001,0.0286,0.0282,0.0125,0.0721,0.0232,2e-04,1e-04,0.0133,0.0192,3e-04,0.0168,0.0147,0.0249,0,0.0302,0.0725,0.0158,0.0158,0.0141,0.0214,0.0744,2e-04,0,0.0775,0.0152,0.031,0.0178,0.0011,0.0216
0.0639,0.0226,0.0209,0.0139,0.0247,0.0013,8e-04,0.0272,0.0266,0.0107,0.0565,0.026,0,0.0193,0.0093,0.0141,0.0257,0.0215,0.0099,0.0215,0.0201,0.0286,0.0128,0.0607,0.0109,0.0097,0.0202,0.0134,4e-04,0.0149,0.0717,0.0575,0.0241,0.0166,5e-04,0
0.0165,0.0284,0.0328,0.018,0.0271,0.0017,7e-04,0.0385,0.0245,0.0123,0.0159,0.0347,0,0.0212,0.0156,0,5e-04,0.0268,0.0156,0.0265,0.0164,0.0357,0.0773,0.0175,0.0198,0.0134,0.0344,0.016,3e-04,0,0.088,0.0186,0.0385,0.0203,0.0017,0.0233
0.0137,0.0222,0.0149,0.0147,0.0236,9e-04,4e-04,0.0267,0.0249,0.0104,0.0125,0.0266,0,0.0154,0.0121,0.0211,4e-04,0.024,0.0119,0.025,0.0196,0.0315,0.0661,0.0703,0.0164,0.0112,0.0252,0.0134,2e-04,0.0188,0.0649,0.0666,0.0318,0.0187,0.0013,0.0211
0.0592,0.026,0.0217,0.0137,0.0235,9e-04,6e-04,0.028,0.0154,0.0104,0.0589,0.0313,1e-04,0.014,0.0093,0.0139,2e-04,0.0192,0.0112,0.0233,0.0147,0.028,0.0125,0.0552,0.0148,0.0089,0.023,0.0631,3e-04,1e-04,0.0632,0.053,0.0251,0.0146,0.001,0.0202
0.017,0.0325,0.0216,0.0204,0.026,0.0021,0.0012,0.0304,0.0391,0.0135,0.0163,0.0395,0.0263,0.0225,0.0153,0.0213,3e-04,0.0263,0.0152,0.0262,1e-04,0.0316,0.017,0.0833,0.0213,0.0145,0.0268,0.0157,5e-04,0.0244,0.0876,0.0185,0,0.0227,0.0014,1e-04
0.0765,0.0284,0.0282,0.0189,0.0257,0.0016,0.001,0.0324,0.0224,0.0137,0.0752,0.0243,0,0.022,0.0137,0.0283,4e-04,0.0216,0.0149,0.0243,0,0.0311,0.0166,0.017,0.0156,0.0144,0.0298,0.0157,2e-04,0.0178,0.0818,0.0183,0.0199,0.0258,9e-04,1e-04
0.0834,1e-04,0.0232,0.02,0.0279,0.0013,0.0011,0.0365,0.0245,0.0127,0.0155,0.0244,2e-04,0.0277,0.0154,1e-04,0.0364,0.0269,0.0172,0.0299,0.0155,0.0354,0.017,0.0166,0.0161,0.0145,0.0355,0.015,3e-04,0.0194,0.0989,0.0181,0.0299,0.0204,0.0013,2e-04
0.0621,2e-04,0.0184,0.0142,0.0208,0.0014,0.0376,0.0285,0.0244,0.0102,0.0685,0.0194,2e-04,0,0.0598,0.0173,4e-04,0.0234,0.0128,0.0185,0.0201,0.0247,0.0138,0.0138,0.0182,0.0092,0.0246,0.0609,5e-04,0.0148,0.0156,0.0668,0.0248,0.0143,0.001,0.0173
0.027,2e-04,0.0431,0.0289,0.037,0.0026,0.0015,0.0444,2e-04,0.0212,0.0248,2e-04,2e-04,1e-04,0.0226,0.0333,7e-04,0.0369,0.0247,0.0371,1e-04,0.0502,0.0271,0.0271,0.036,0.0212,0.0466,0.0251,6e-04,0.028,0.0285,0.0281,0.0418,0.029,0.0022,2e-04
0.0171,0.0239,0.0248,0.0197,0.0267,0.0016,0.001,0.0349,0.0348,0.0142,0.0805,0.0261,1e-04,0.0236,0.0158,0.0216,4e-04,0.0258,0.0158,0.0276,1e-04,0.029,0.0171,0.0166,0.0187,0.0127,0.0223,0.079,5e-04,1e-04,0.0849,0.0187,0.0275,0.0146,7e-04,0
0.0687,0.0226,0.0159,0.0137,0.0218,0.037,0.0013,0.0266,2e-04,0.0093,0.0584,0.0276,0.02,0.0171,0.0107,0,3e-04,0.0203,0.0126,0.0225,0.0217,0.0277,0.0139,0.0658,0.018,0.0112,0.0234,0.0124,3e-04,0.0228,0.0721,0.0137,0.0308,0.0211,0.0014,0.0156
0.0239,0.0322,0.041,0.0256,0.0314,0.0025,0.0014,0.0434,1e-04,0.0186,0.0227,0.0543,2e-04,1e-04,0.0202,1e-04,6e-04,0.0324,0.0222,0.0363,0,0.0434,0.0245,0.1127,0,0.0188,0.0362,0.0232,6e-04,1e-04,0.0251,0.025,0.0289,0.0285,0.0021,2e-04
0.0144,0.0258,0.0294,0.0175,0.0249,0.0012,8e-04,0.0344,0.0275,0.0133,0.013,0.0347,2e-04,1e-04,0.0135,0.0274,4e-04,0.024,0.0138,0.0209,0.0224,0.0316,0.015,0.081,0.0206,0.0123,0.0277,0.0138,2e-04,0.0151,0.0823,0.0719,0.026,0.0202,0.001,2e-04
0.0174,2e-04,0.031,0.0215,0.0269,0.0021,0.0011,0.0293,0.0266,0.0144,0.0163,0.0448,2e-04,0.0237,0.0153,0,4e-04,0.0259,0.0183,0.0241,0.0272,0.0314,0.0198,0.088,0.0122,0.0146,0.0232,0.0185,2e-04,0.0193,0.0951,0.0206,0.0222,0.0175,0.0016,0.0276
0.0754,0.029,0.0182,0.0181,0.0275,0.0014,0.001,0.0334,0.0288,0.0138,0.0162,0.0309,0,1e-04,0.0133,0,4e-04,0.027,0.0136,0.0298,0.0241,0.0346,0.0752,0.0726,0.0266,0.0131,0.0256,0.0148,4e-04,1e-04,0.0151,0.0166,0.0313,0.0249,0.0014,0.0242
0.0705,0.0207,0.0242,0.0168,0.0238,0.0015,9e-04,0.0323,0.0211,0.0128,0.0123,0.0268,0,0.0226,0.0142,0.0276,3e-04,0.0229,0.0128,0.027,0.0212,0.0304,0.0687,0.0693,0.0172,0.0122,0.0255,0.0142,0.0302,0.0207,0.0154,0.0153,0.0286,0.0174,9e-04,2e-04
0.0849,1e-04,0.021,0.0193,0.0262,0.0012,0.0447,0.0365,0.0321,0.0147,0.0172,0.0274,1e-04,1e-04,0.0145,1e-04,4e-04,0.0239,0.017,0.0265,0.0251,0.036,0.0194,0.0173,0.0167,0.0141,0.0281,0.0176,3e-04,0.0171,0.0972,0.0193,0.0398,0.0207,0.0018,1e-04
0.0132,0.0235,0.0161,0.0131,0.0214,0.001,6e-04,0.0256,0.0283,0.011,0.0123,0.0336,0.0192,0.0229,0.0118,0,4e-04,0.0237,0.0105,0.0214,0.0162,0.0273,0.0611,0.0598,0.0165,0.0113,0.0233,0.0569,3e-04,0.0174,0.0643,0.0693,0.0268,0.0172,0.0011,1e-04
0.0143,0.0184,0.0208,0.0151,0.0239,0.001,6e-04,0.0307,0.0279,0.0111,0.0626,0.0354,0.0284,1e-04,0.0117,0.0224,5e-04,0.0227,0.012,0.0273,0.0178,0.0276,0.0682,0.0654,0.0164,0.0108,0.0247,0.0144,1e-04,0.0141,0.0717,0.0152,0.0232,0.0209,0.001,1e-04
0.0869,0.0239,0.029,0.0199,0.028,0.0017,0.001,0.0379,0.0421,0.0142,0.0168,0.0425,2e-04,0,0.0158,1e-04,6e-04,0.0263,0.017,0.0283,1e-04,0.0338,0.0195,0.0192,0.0172,0.0148,0.0282,0.0182,3e-04,0.0199,0.0954,0.0188,0.0338,0.0252,0.0017,2e-04
0.0878,0.0363,0.023,0.0199,0.0276,0.0016,0.0013,0.037,0.027,0.0158,0.0178,0.0366,1e-04,0,0.0161,0,5e-04,0.0297,0.0161,0.0383,0,0.0328,0.0181,0.0197,0.0204,0.0143,0.0275,0.018,2e-04,1e-04,0.0902,0.0186,0.035,0.0222,0.0016,0.0273
0.0208,1e-04,0.0211,0.0211,0.0282,0.0021,0.0013,0.0373,0.0287,0.0174,0.0184,2e-04,1e-04,0.0249,0.0169,0.0253,5e-04,0.0326,0.0187,0.0316,0.0191,0.031,0.0199,0.1,0.0128,0.0151,0.0301,0.0191,6e-04,0.027,0.1097,0.0213,1e-04,0.0237,0.0015,2e-04
0.0138,0.0191,0.0246,0.016,0.0261,0.0013,0.0373,0.0357,0.0315,0.0113,0.0136,0.0276,0,0.0199,0.0128,0.0181,4e-04,0.0274,0.0136,0.022,0.0192,0.0319,0.0154,0.0693,0.0242,0.0113,0.029,0.0139,2e-04,0.0201,0.075,0.0153,0.0338,0.019,0.0018,0.027
0.057,0.0257,0.0149,0.0138,0.0228,8e-04,8e-04,0.0255,0.0274,0.0112,0.0108,0.0257,0.0187,1e-04,0.0103,0.0191,1e-04,0.0214,0.0114,0.0259,0.0099,0.0292,0.0584,0.0553,0.0151,0.0107,0.025,0.0118,0.0256,0.0198,0.0743,0.0591,0.0248,0.0151,9e-04,1e-04
0.0193,2e-04,0.0248,0.019,0.03,0.002,7e-04,0.0351,0.0248,0.0133,0.0166,0.0254,1e-04,0.0202,0.0149,0.0271,0.0355,0.0289,0.0156,0.0276,0.0212,0.037,0.018,0.0172,0.0106,0.0152,0.032,0.016,4e-04,1e-04,0.0947,0.0822,0.0336,0.0179,0.0011,2e-04
0.0843,2e-04,0.0237,0.0172,0.027,0.0017,8e-04,0.0362,0.0325,0.0136,0.0156,2e-04,0,1e-04,0.0152,0.0216,5e-04,0.0252,0.0146,0.0284,0.0165,0.031,0.0173,0.0163,0.009,0.0125,0.0309,0.0758,4e-04,1e-04,0.0788,0.0807,0.0297,0.0192,0.0015,2e-04
0.0172,0.0246,0.0228,0.0208,0.0326,0.0017,7e-04,0.0394,2e-04,0.0148,0.0174,0.0389,2e-04,0,0.0165,1e-04,0.0411,0.0298,0.0163,0.0283,0.0289,0.0396,0.0203,0.0186,0.0127,0.0158,0.0326,0.0174,3e-04,0.0207,0.0883,0.0195,0.0404,0.0264,0.0017,0.0319
0.0625,0.0194,0.021,0.0133,0.0253,0.0016,0.0011,0.0306,0.0256,0.0115,0.0634,0.0225,1e-04,1e-04,0.012,0.0221,4e-04,0.0215,0.0132,0.0221,0.018,0.0276,0.0647,0.0702,0.017,0.0113,0.0201,0.0136,2e-04,0.0149,0.0774,0.015,0.0169,0.0212,0.001,1e-04
0.0782,0.025,0.0188,0.0153,0.0267,0.0019,0.0011,0.0347,0.028,0.0128,0.013,1e-04,0.0214,0,0.0119,0,3e-04,0.0266,0.0128,0.0288,0.0237,0.0344,0.0149,0.0752,0.0147,0.0125,0.0284,0.0152,3e-04,0.0243,0.0853,0.0155,0.0336,0.0219,0.0011,0.0201
0.0215,0.035,0.0163,0.0222,0.0282,0.0021,0.0011,0.0369,0.0375,0.0159,0.02,2e-04,1e-04,1e-04,0.0183,1e-04,0.0456,0.0257,0.019,0.0337,0.0195,0.0402,0.0216,0.0208,0.0192,0.0166,0.0304,0.0197,6e-04,0.0214,0.1076,0.0225,0.0324,0.0245,0.0018,2e-04
0.0126,0.0252,0.0239,0.0129,0.021,0.0013,7e-04,0.0287,0.0253,0.0112,0.054,0.027,0,0.0222,0.011,0.0222,1e-04,0.0206,0.0109,0.0201,0.0166,0.0263,0.013,0.0602,0.0184,0.0099,0.0226,0.0554,0,0.0134,0.0687,0.056,0.0282,0.0204,8e-04,0.0177
0.0721,0.0213,0.0213,0.0168,0.0235,0.0012,8e-04,0.0278,0.0187,0.0114,0.0124,0.034,0.0203,0.0165,0.012,1e-04,2e-04,0.0222,0.0133,0.0281,0.0173,0.0265,0.0149,0.0636,0.0172,0.0111,0.0256,0.0621,4e-04,0.0226,0.0743,0.0141,0.0311,0.0224,0.0012,1e-04
0.0698,0.0211,0.0107,0.0164,0.0202,0.0013,6e-04,0.0285,0.0213,0.0114,0.0144,0.0252,2e-04,1e-04,0.0123,0,6e-04,0.0179,0.0137,0.0175,0.0192,0.0181,0.0753,0.0714,0.0092,0.0116,0.0218,0.0649,3e-04,0,0.0679,0.0719,0.0291,0.0136,9e-04,1e-04
0.0157,0.0239,0.0217,0.0149,0.0221,0.0021,9e-04,0.029,0.0294,0.012,0.0706,0.0346,0.0251,1e-04,0.0133,0.0233,7e-04,0.0271,0.0135,0.0247,0.0191,0.0274,0.0672,0.0655,0.0186,0.0115,0.0237,0.0149,4e-04,1e-04,0.0728,0.0165,0.0191,0.0154,0.0014,2e-04
0.0134,0.0181,0.0153,0.0151,0.0237,0.0014,0.001,0.0328,0.0296,0.0118,0.061,0.0306,0.0186,0.022,0.0114,0.0165,2e-04,0.026,0.0124,0.0266,0.0168,0.0318,0.0144,0.0628,0.0175,0.0097,0.0228,0.0134,4e-04,0.0238,0.0607,0.0642,0.0332,0.0179,0.0014,2e-04
0.0666,0.0233,0.0232,0.0156,0.0234,0.0015,6e-04,0.0299,1e-04,0.0109,0.0126,0.03,0.0205,0.0184,0.0124,1e-04,3e-04,0.0235,0.0131,0.0246,0.014,0.0295,0.0142,0.0631,0.0146,0.0108,0.0266,0.0127,0.0282,0.0202,0.0731,0.0747,0.0286,0.0163,0.0011,2e-04
0.0817,0.0244,0.0179,0.0209,0.0271,0.0015,9e-04,0.039,1e-04,0.0142,0.0167,0.0251,1e-04,0.029,0.0153,0.0209,3e-04,0.0248,0.0152,0.0264,0.0204,0.0392,0.0838,0.0178,0.0109,0.0145,0.0294,0.0164,2e-04,0.0288,0.018,0.0185,0.0318,0.0208,0.0014,0.0251
0.0597,0.0271,0.0229,0.0149,0.0237,0.0013,6e-04,0.0291,0.0277,0.0116,0.0134,0.0284,0,0.025,0.011,0.0158,2e-04,0.0231,0.0134,0.0251,0.0178,0.0287,0.067,0.0614,0.0196,0.0098,0.0256,0.0135,4e-04,0.0194,0.0782,0.0144,0.0284,0.0193,0.001,0
0.0644,0.0243,0.0204,0.0152,0.0256,0.0014,9e-04,0.0321,0.0275,0.011,0.013,0.0301,0.0194,1e-04,0.0115,0.0179,1e-04,0.0225,0.0129,0.025,0.0201,0.0321,0.064,0.0632,0.0153,0.0104,0.0266,0.0129,2e-04,1e-04,0.0721,0.0149,0.03,0.0217,0.0011,0.0185
0.0167,0.0235,0.0247,0.0188,0.0271,0.0019,0.0012,0.0358,1e-04,0.0121,0.015,0.0405,0,0.0217,0.0142,0.0258,5e-04,0.0265,0.0141,0.0172,0.0248,0.0332,0.0766,0.0763,0.01,0.0132,0.0253,0.0144,3e-04,0.0183,0.0861,0.018,0.0196,0.0238,0.0011,1e-04
0.017,2e-04,0.0229,0.0191,0.0315,0.0018,0.0012,0.0362,0.0379,0.014,0.0797,0.041,1e-04,1e-04,0.014,1e-04,4e-04,0.0239,0.0158,0.0329,0.021,0.0367,0.0171,0.0177,0,0.0161,0.0319,0.0165,4e-04,0.0239,0.0959,0.018,0.0398,0.0274,9e-04,0.0254
0.0228,0.0286,0.0226,0.0225,0.0297,0.0021,0.0013,0.0374,0.0296,0.0167,0.0191,0.034,0,1e-04,0.0187,0.0256,5e-04,0.0319,0.0194,0.036,0.0197,0.0346,0.0216,0.0215,0.0196,0.0156,0.0358,0.0197,4e-04,1e-04,0.1082,0.0232,0.0334,0.0243,0.002,2e-04
0.014,0.0237,0.0196,0.0162,0.0262,0.0019,0.001,0.0333,0.0305,0.0111,0.0131,2e-04,0.0227,0.021,0.0135,0.0188,7e-04,0.0298,0.0141,0.0254,0.0282,0.0309,0.017,0.0706,0,0.0116,0.0254,0.0137,1e-04,0.0208,0.0769,0.0719,0.0273,0.0248,0.0014,0.0211
0.0737,2e-04,0.0253,0.019,0.0263,0.0018,0.001,0.0364,0.0209,0.0119,0.0153,0.0251,1e-04,0.0175,0.0129,0,2e-04,0.0294,0.0147,0.031,0.014,0.0271,0.0157,0.0751,0.017,0.0132,0.0261,0.0718,3e-04,1e-04,0.0828,0.0178,0.0368,0.0166,0.0012,2e-04
0.074,0.0211,0.0258,0.0159,0.0246,0.0019,8e-04,0.0308,0.0284,0.0137,0.0139,0.0291,0,0.0195,0.0119,0.0193,4e-04,0.0214,0.015,0.0204,0.016,0.0335,0.0736,0.0163,0.0228,0.0131,0.0274,0.0151,5e-04,0.0217,0.0772,0.0178,0.0338,0.0205,0.0011,2e-04
0.0582,0.0207,0.0193,0.0124,0.0218,0.0019,6e-04,0.0301,0.0222,0.0111,0.0106,0.0277,1e-04,0.0201,0.0104,0.0168,0.0252,0.0237,0.0123,0.0254,0.0149,0.0275,0.0571,0.0579,0.0155,0.0091,0.0232,0.0559,4e-04,0.017,0.0684,0.0123,0.028,0.0194,0.0011,2e-04
0.0138,0.0265,0.0188,0.0149,0.0251,0.0012,0.0012,0.0302,0.0196,0.0114,0.0124,0.0269,1e-04,1e-04,0.0109,0.0172,2e-04,0.0223,0.0143,0.0236,0.0187,0.0316,0.0682,0.0769,0.0173,0.0118,0.0265,0.0123,5e-04,1e-04,0.0789,0.0767,0.0251,0.0235,0.0012,0.0185
0.0165,0.0298,0.02,0.0171,0.026,0.0016,9e-04,0.0374,1e-04,0.0139,0.0156,0.0247,0,0.0268,0.013,0.02,4e-04,0.026,0.0151,0.026,1e-04,0.0287,0.0161,0.0179,0.0152,0.0115,0.0305,0.0826,3e-04,0.0214,0.0874,0.076,0.0344,0.0239,0.0016,0
0.0681,0.0262,0.0093,0.0618,0.0223,0.0012,9e-04,0.0309,0.0291,0.0114,0.0117,0.0357,1e-04,0.0207,0.0121,0,0.0282,0.0245,0.0133,0.028,0.0121,0.0301,0.0635,0.0151,0.0205,0.0107,0.0267,0.0115,3e-04,0.0205,0.0154,0.0639,0.0315,0.0201,0.001,1e-04
0.0159,0.0285,0.0222,0.0176,0.027,0.0014,8e-04,0.0337,0.0316,0.0132,0.0157,0.0323,0,1e-04,0.0148,0.022,4e-04,0.0245,0.0153,0.0254,0.0153,0.0337,0.0752,0.0811,0,0.0131,0.0282,0.015,3e-04,0.0173,0.0823,0.0162,0.034,0.0228,0.0014,2e-04
0.02,2e-04,0.0224,0.0225,0.0288,0.0022,0.0012,0.0288,0.0297,0.0162,0.0185,2e-04,2e-04,0.0253,0.0178,0.0244,6e-04,0.0248,0.019,0.0322,0,0.0395,0.0197,0.102,0.0266,0.0153,0.0147,0.0184,3e-04,0.028,0.0975,0.0212,0.043,0.0155,0.0017,1e-04
0.016,2e-04,0.0298,0.0177,0.0271,0.0017,0.0011,0.0358,0.0319,0.0118,0.014,0.0375,2e-04,0.0285,0.0142,0.0192,4e-04,0.0234,0.0153,0.0332,0.0274,0.038,0.0163,0.016,0.0245,0.0129,0.0308,0.0158,0.0323,0.028,0.0745,0.0159,0.0391,0.0241,0.0015,0.0224
0.0706,0.0283,0,0.0172,0.0246,0.0013,0.001,0.0303,0.0233,0.0128,0.0145,0.0237,1e-04,1e-04,0.0145,0,5e-04,0.0207,0.0146,0.0247,0.0261,0.0281,0.0718,0.0153,0.0141,0.0128,0.0232,0.0133,3e-04,0.0157,0.0782,0.0714,0.0325,0.0237,0.0017,0.0275
0.0574,0.0174,0.0173,0.013,0.023,8e-04,9e-04,0.0298,0.0289,0.0094,0.0582,0.0265,0.0223,0.019,0.0099,0.0196,0.0281,0.0229,0.0106,0.0249,0.0125,0.0249,0.0574,0.0134,0,0.0107,0.0232,0.053,2e-04,0.0176,0.0696,0.0119,0.0277,0.0151,0.0012,2e-04
0.0901,1e-04,0,0.0181,0.0246,0.0473,9e-04,0.0324,0.0304,0.0133,0.0148,2e-04,2e-04,0,0.0133,0.0206,4e-04,0.0311,0.0147,0.0132,0.0164,0.0301,0.0174,0.0184,0.0103,0.0137,0.0295,0.0146,4e-04,0.0224,0.0898,0.0783,0.0327,0.0156,6e-04,0.0226
0.0182,0.0297,0.0128,0.0179,0.0285,0.0018,0.0472,0.0326,0.0324,0.0136,0.0162,0,1e-04,0.0289,0.0139,0.0261,4e-04,0.0269,0.0164,0.0291,0.0225,0.0342,0.0177,0.0192,0.0108,0.0124,0.0266,0.0159,5e-04,0.0272,0.0917,0.0174,0.0375,0.0274,0.001,0.0238
0.0704,0.0167,0.0266,0.0148,0.0227,0.0011,5e-04,0.0295,0.0258,0.01,0.0119,0.0252,0,0.0155,0.0102,0.0246,3e-04,0.0245,0.0125,0.023,0.0188,0.0292,0.0613,0.0647,0.0197,0.0101,0.0234,0.0129,1e-04,0.0206,0.0689,0.0147,0.0315,0.018,0.0011,0.0177
0.0686,2e-04,0.0215,0.0165,0.0218,0.0018,9e-04,0.0282,0.0214,0.0112,0.0136,0.0298,1e-04,0.025,0.0132,0.0172,0.0333,0.0193,0.0129,0.0247,0.0243,0.0279,0.0652,0.0704,0.0094,0.0116,0.0252,0.0126,4e-04,0.0197,0.0694,0.0139,0.0283,0.0177,0.0012,1e-04
0.0174,0.0227,0.0341,0.0205,0.0286,0.0012,0.001,0.037,0.0317,0.0139,0.0171,0.027,1e-04,0.0211,0.0143,1e-04,3e-04,0.0307,0.0154,0.0291,0.0227,0.0314,0.0175,0.0186,0.0163,0.0134,0.0285,0.0785,4e-04,0.0195,0.092,0.0174,0.0355,0.0219,0.0014,2e-04
0.056,0.0163,0.0186,0.0138,0.0212,0.001,6e-04,0.0242,0.022,0.0088,0.0565,0.0248,0,0.0138,0.011,0,4e-04,0.0197,0.0107,0.017,0.0225,0.0266,0.059,0.0123,0.0178,0.0108,0.0217,0.0626,2e-04,0.0178,0.0678,0.0644,0.0238,0.0154,0.0012,0.0182
0.0605,0.0158,0.0215,0.0141,0.0189,0.0016,0.031,0.0245,0.0238,0.0086,0.0532,0.0267,2e-04,0.0144,0.0098,0.014,2e-04,0.0176,0.0092,0.0187,0.0173,0.0242,0.0506,0.0522,0.0132,0.0083,0.0214,0.0114,1e-04,0.0179,0.0642,0.0544,0.0253,0.0156,8e-04,0.0173
0.0172,0.0235,0.0294,0.0209,0.026,0.0021,0.001,0.0345,1e-04,0.0153,0.0181,2e-04,0,0.0215,0.0159,1e-04,3e-04,0.0163,0.0179,0.0237,0.0281,0.0285,0.0187,0.0889,0,0.015,0.0271,0.095,5e-04,1e-04,0.0854,0.0213,0.0355,0.0221,0.001,0.0273
0.0653,0.0153,0.0128,0.0132,0.0188,0.001,7e-04,0.0264,0.0225,0.0091,0.0527,0.027,0.0168,0.0227,0.0081,1e-04,5e-04,0.0218,0.0112,0.0208,0.0179,0.0268,0.0492,0.0576,0.0147,0.0091,0.0241,0.0111,3e-04,0.0171,0.0634,0.0535,0.0296,0.0168,7e-04,0.0198
0.0198,0,0.0198,0.0208,0.0259,0.0021,0.001,0.038,0,0.015,0.0179,0.036,2e-04,0.0257,0.0181,1e-04,5e-04,0.0289,0.0178,0.0288,1e-04,0.0259,0.02,0.0982,0,0.0151,0.0285,0.0176,5e-04,0.0205,0.0909,0.0899,0.0347,0.0187,0.0014,1e-04
0.0601,0.0277,0.0167,0.0135,0.0229,0.0015,3e-04,0.0306,0.0187,0.0105,0.0104,0.026,1e-04,0.0205,0.0114,0.0175,4e-04,0.0218,0.0117,0.0262,0.0198,0.0317,0.0711,0.0123,0.0079,0.0094,0.0208,0.0581,4e-04,0.0187,0.0678,0.0635,0.0284,0.019,0.001,1e-04
0.0183,1e-04,0.0236,0.0202,0.0244,0.0019,0.0012,0.0298,2e-04,0.0146,0.0172,0.0375,2e-04,1e-04,0.0162,0.0237,2e-04,0.0212,0.0151,0.0255,0.016,0.0312,0.0185,0.0813,0.0159,0.0146,0.0229,0.0859,3e-04,0.0241,0.0813,0.0191,0.0326,0.0179,0.0012,0.0245
0.0191,1e-04,0,0.0207,0.0291,0.0019,0.0011,0.0356,2e-04,0.0158,0.0178,0.0287,0.036,0.0255,0.0169,1e-04,5e-04,0.0279,0.0193,0.0283,0.0183,0.0335,0.0202,0.0219,0,0.0162,0.024,0.0966,3e-04,1e-04,0.1077,0.0214,0.0438,0.0197,0.002,0.0282
0.0721,0.0232,0.0227,0.0167,0.0219,0.0011,0.0353,0.0304,0.0289,0.0107,0.0138,0.0279,0.0216,0.0194,0.0111,0.0174,3e-04,0.0264,0.0139,0.0254,0,0.0293,0.0134,0.0136,0.011,0.0103,0.0259,0.0608,4e-04,0.0197,0.0652,0.0145,0.0289,0.0179,0.0014,0.026
0.0593,0.0234,0.0157,0.0127,0.021,0.001,9e-04,0.0256,0.0228,0.0101,0.055,0.0281,1e-04,0.0142,0.0097,0,4e-04,0.0188,0.0105,0.0204,0.0161,0.0279,0.067,0.059,0.0147,0.0098,0.022,0.0573,5e-04,0.0174,0.0591,0.0127,0.0277,0.0183,0.0013,0.018
0.0785,2e-04,0.0272,0.0174,0.0246,0.0017,6e-04,0.0317,0.0222,0.0108,0.0126,0.0321,0.0215,0.0235,0.0124,0.0189,3e-04,0.0254,0.0139,0.021,0.0231,0.0275,0.0155,0.0164,0.0189,0.0122,0.0246,0.0148,3e-04,0.0224,0.0793,0.0752,0.0294,0.0211,0.0012,1e-04
0.0153,1e-04,0.025,0.0142,0.0225,0.0014,5e-04,0.0283,0.0266,0.012,0.0652,0.0327,1e-04,0.0189,0.0134,1e-04,2e-04,0.0254,0.012,0.0244,0.0129,0.0301,0.0157,0.0666,0.019,0.0111,0.0312,0.0131,2e-04,0.0226,0.0762,0.0658,0.0315,0.0229,0.0012,0.0201
0.0168,0.0232,0.0233,0.0207,0.0242,0.0019,8e-04,0.0373,1e-04,0.0135,0.0161,0.0262,2e-04,0.0219,0.0148,0.0243,6e-04,0.0175,0.0168,0.0252,0.0254,0.0339,0.0836,0.0843,0.0204,0.0137,0.0241,0.0177,4e-04,1e-04,0.0834,0.0173,0.0298,0.0174,0.0015,1e-04
0.0674,0.0165,0.0147,0.0154,0.0235,0.0013,5e-04,0.0317,0.0223,0.0115,0.0129,0.0323,0.0286,0,0.011,0.0215,6e-04,0.0255,0.0113,0.021,0.0209,0.0309,0.0605,0.0151,0.0227,0.0111,0.0218,0.0136,4e-04,0,0.0698,0.0636,0.0321,0.0222,0.0012,0.0231
0.067,0.0245,0.0202,0.0149,0.0229,0.0014,0.0011,0.0306,0.0314,0.0104,0.0141,0.0273,0.0215,0.0264,0.0129,0.022,5e-04,0.0235,0.0139,0.026,0.0208,0.0306,0.0145,0.0136,0,0.0116,0.0284,0.0134,4e-04,0.0253,0.0795,0.0684,0.0343,0.0237,0.0013,2e-04
