"Bifidobacterium";"Butyricimonas";"Odoribacter";"Paraprevotella";"Bacteroides";"Parabacteroides";"Prevotella";"unkwon1";"unkwon2";"unkwon3";"Clostridium";"unkwon4";"unkwon5";"Ruminococcus";"Anaerostipes";"Blautia";"Coprococcus";"Dorea";"Lachnospira";"Roseburia";"unkwon6";"unkwon7";"unkwon8";"unkwon9";"Faecalibacterium";"Oscillospira";"Ruminococcus";"Dialister";"unkwon10";"unkwon11";"unkwon12";"Sutterella";"Escherichia";"Klebsiella";"Haemophilus";"Akkermansia";"Tags"
1;2;6;5;24;8;67;4;0;5;2;0;9;3;0;1;9;4;1;3;0;6;2;0;13;0;5;0;5;6;0;2;0;11;7;18;"1"
0;2;9;1;41;15;90;8;0;5;0;1;8;2;0;2;9;9;1;3;0;9;0;0;19;0;2;1;4;6;0;2;4;19;8;13;"1"
0;3;3;5;34;10;84;5;0;5;0;0;11;4;0;0;14;9;3;0;1;3;1;1;17;0;2;1;7;6;0;3;1;14;7;17;"1"
0;0;1;3;21;7;59;3;0;5;0;1;4;0;0;0;6;4;1;2;0;2;1;0;17;0;0;0;2;2;0;0;1;9;5;9;"1"
1;0;4;2;23;9;61;4;1;5;0;1;8;1;0;2;12;7;0;3;1;10;0;0;13;0;1;0;5;5;0;1;1;12;5;14;"1"
0;2;2;5;37;8;78;3;0;5;0;1;9;4;1;1;22;10;0;3;1;5;0;1;22;0;5;0;5;3;0;3;2;12;12;13;"1"
1;3;6;4;26;9;75;4;1;5;0;1;10;2;1;0;13;6;3;2;3;7;1;0;21;0;2;0;4;9;0;1;2;8;6;8;"1"
2;1;6;5;32;10;89;4;0;5;2;0;8;1;0;0;7;14;0;2;2;6;2;0;23;0;2;0;6;5;0;1;0;10;14;25;"1"
0;1;2;5;25;10;60;6;0;5;0;2;5;0;0;1;14;9;1;0;3;1;0;1;18;0;5;1;0;6;1;1;1;16;6;15;"1"
0;2;2;1;24;13;61;1;0;5;0;1;7;1;0;1;7;5;0;1;0;1;0;0;14;0;2;0;6;4;0;2;1;8;7;20;"1"
0;1;0;4;26;4;73;7;0;5;0;1;6;0;0;1;6;6;0;4;4;4;0;0;15;0;3;0;3;8;0;0;1;14;4;13;"1"
0;3;3;2;24;11;74;9;0;5;0;1;10;2;0;0;10;5;1;1;3;3;2;0;14;0;2;0;3;3;0;0;1;13;10;13;"1"
0;1;2;0;14;10;49;7;0;5;0;1;9;1;0;0;2;2;0;3;0;2;1;0;8;0;1;0;4;0;0;0;0;9;6;9;"1"
0;1;3;3;18;3;41;6;0;5;0;0;5;0;0;1;6;4;0;1;2;0;1;0;4;0;1;0;6;3;0;0;0;5;4;13;"1"
0;1;5;3;12;7;43;3;0;5;0;1;10;1;0;0;4;6;1;1;1;2;1;0;11;0;0;0;8;4;0;1;0;13;5;15;"1"
0;1;5;4;34;15;74;4;0;5;0;2;8;3;0;1;14;6;0;4;1;7;1;0;15;0;3;0;6;6;0;0;0;10;12;22;"1"
0;1;4;4;23;9;82;4;0;5;0;3;6;0;0;0;15;5;0;2;0;7;2;0;15;0;1;2;5;7;1;0;0;12;7;16;"1"
1;2;6;1;45;6;81;10;0;5;1;0;6;3;1;1;15;5;1;2;4;4;1;1;26;0;4;0;2;4;0;0;1;20;8;21;"1"
0;3;3;2;7;6;29;2;0;5;2;0;2;2;0;1;4;2;0;0;1;2;0;0;8;0;1;0;3;1;0;0;0;4;7;8;"1"
0;1;3;4;18;5;55;2;0;5;0;0;5;1;1;1;10;4;2;3;1;3;1;1;18;0;0;0;7;4;0;1;0;10;7;13;"1"
0;1;4;5;23;5;43;10;0;5;0;0;8;3;1;2;5;0;1;3;1;4;0;0;15;0;6;0;1;6;0;1;1;8;8;15;"1"
1;1;7;3;22;9;44;4;0;5;0;0;7;0;0;1;7;7;0;1;2;5;0;0;10;0;0;0;1;6;0;0;0;13;4;7;"1"
1;1;3;1;28;12;79;4;0;5;1;0;10;2;2;0;16;8;2;2;2;7;3;1;22;0;3;0;8;4;0;0;1;12;6;22;"1"
0;0;1;1;23;6;47;4;0;5;0;0;6;1;0;0;7;3;1;3;1;3;0;0;7;0;0;0;1;2;0;0;1;9;6;12;"1"
0;0;4;0;30;6;57;7;0;5;1;0;7;3;0;0;10;6;1;3;1;1;1;0;20;0;5;1;1;3;0;3;0;17;4;21;"1"
0;1;0;6;28;18;66;5;1;5;1;1;7;0;0;2;8;11;1;0;2;1;0;1;12;0;2;0;4;6;0;0;0;17;11;15;"1"
1;1;2;6;35;12;75;4;0;5;0;0;6;1;0;0;14;7;2;9;3;4;1;0;15;0;2;1;4;6;0;2;0;14;7;9;"1"
0;0;5;6;34;14;78;7;0;5;0;0;9;1;0;0;13;9;3;4;2;6;3;1;19;0;2;1;6;5;0;1;2;15;12;15;"1"
0;3;3;4;32;8;88;11;0;5;0;1;8;2;0;0;9;2;2;3;1;6;1;1;24;0;4;0;5;5;0;1;3;13;6;15;"1"
2;3;2;4;28;6;70;4;1;5;2;0;10;4;1;0;9;5;0;2;3;6;1;1;14;0;3;0;3;4;0;1;1;14;5;7;"1"
0;4;4;1;30;10;79;5;0;5;2;0;15;0;0;1;11;3;1;2;2;11;1;1;14;1;2;0;4;5;1;1;1;11;14;14;"1"
0;2;3;6;40;15;85;4;0;5;0;2;19;2;0;1;13;4;0;3;1;3;0;0;25;0;3;0;2;7;1;2;0;20;9;16;"1"
0;3;1;5;32;13;72;9;0;5;1;0;4;1;0;0;10;12;2;5;3;2;0;0;18;0;1;1;7;6;0;4;2;17;7;14;"1"
0;0;6;4;31;11;75;4;2;5;0;1;11;0;0;0;10;11;1;2;3;3;0;0;17;0;4;0;4;5;0;3;3;9;6;10;"1"
0;3;3;2;27;7;92;7;1;5;0;2;12;1;0;1;9;6;0;1;2;7;0;0;13;0;3;1;5;5;0;2;2;16;9;15;"1"
0;0;2;2;18;10;49;5;1;5;0;0;6;0;0;1;4;4;1;1;2;1;0;0;12;0;0;0;5;8;0;3;1;8;2;14;"1"
0;4;3;5;28;12;71;4;1;5;0;1;5;1;1;1;11;9;0;0;4;3;0;0;20;0;2;0;11;3;0;1;0;16;9;20;"1"
0;1;1;2;14;6;36;2;0;5;0;0;4;0;0;0;2;4;0;2;0;2;0;0;10;0;2;1;1;3;0;1;0;9;3;8;"1"
0;1;3;2;20;5;36;4;0;5;0;0;3;0;0;0;10;4;0;2;2;1;0;0;12;0;1;0;4;0;0;1;0;5;3;13;"1"
0;2;3;2;15;11;59;5;0;5;0;0;12;0;0;0;8;3;1;1;0;4;0;1;14;0;2;0;3;2;0;2;1;9;7;12;"1"
0;3;0;3;23;4;58;2;0;5;0;0;5;0;0;0;6;5;2;3;4;2;1;0;9;0;1;0;2;0;0;1;0;7;9;13;"1"
0;1;4;5;20;7;78;3;1;5;2;0;5;0;0;1;8;6;1;2;0;3;1;0;17;0;1;1;3;5;0;2;0;13;10;9;"1"
0;1;3;2;22;6;24;2;0;5;1;0;6;1;0;2;5;9;0;1;0;4;0;0;13;0;2;0;2;7;0;0;2;8;6;12;"1"
0;0;6;4;34;12;83;5;0;5;2;1;2;2;0;1;6;5;1;5;2;3;1;0;27;0;1;0;4;3;0;0;1;14;6;16;"1"
0;2;2;1;23;12;68;5;0;5;0;2;9;2;0;0;2;8;1;0;1;4;0;0;16;0;4;0;10;7;0;0;0;8;6;14;"1"
0;0;1;2;11;4;41;2;0;5;0;1;9;1;0;1;5;8;1;1;1;5;0;0;6;0;3;0;2;1;1;2;0;7;3;9;"1"
1;1;2;3;20;6;82;8;1;5;0;1;2;1;0;1;14;5;2;2;4;5;3;1;13;0;4;1;6;3;0;0;1;12;7;18;"1"
0;1;1;5;31;10;45;5;0;5;1;0;5;0;0;0;3;5;1;2;3;5;1;1;11;0;3;0;5;6;0;0;1;9;6;8;"1"
0;0;1;0;35;8;78;7;1;5;1;1;9;0;2;1;10;8;0;3;0;2;1;0;9;0;1;0;5;6;0;1;0;10;9;15;"1"
0;1;1;3;24;6;57;2;1;5;1;1;7;0;1;0;7;4;1;2;2;1;0;0;15;0;3;1;9;7;0;0;2;13;6;17;"1"
1;1;2;4;15;11;71;3;0;5;0;0;4;2;0;1;5;3;2;1;1;3;2;0;11;0;1;2;3;7;0;1;0;12;7;13;"1"
1;1;6;0;41;7;85;7;1;5;1;1;14;2;0;0;8;7;1;2;4;5;1;0;12;0;4;0;8;9;1;1;0;15;5;25;"1"
0;1;5;7;21;1;61;4;0;5;1;1;5;2;0;1;10;3;1;1;3;6;2;0;8;0;2;0;7;5;0;2;3;9;8;7;"1"
0;0;3;0;16;7;47;2;0;5;0;1;1;0;1;2;8;2;0;0;0;2;1;0;5;0;3;0;5;4;0;4;2;15;6;7;"1"
1;0;3;5;22;3;45;2;0;5;0;0;4;1;0;0;6;4;0;3;1;3;2;0;11;0;3;1;7;2;0;2;1;13;2;10;"1"
0;0;2;7;26;10;64;4;1;5;1;1;6;1;0;0;9;8;1;2;2;2;2;0;12;0;0;0;6;4;0;0;2;10;5;12;"1"
0;1;4;5;27;7;100;8;0;5;0;2;6;2;0;0;17;7;1;5;3;5;1;2;21;0;4;0;4;5;0;3;0;22;6;20;"1"
1;3;3;2;36;17;76;5;0;5;0;4;8;2;1;0;11;7;2;4;1;7;0;0;15;0;1;0;5;7;0;1;2;22;7;23;"1"
0;1;2;3;10;4;38;3;0;5;0;1;3;0;1;1;6;2;0;1;1;2;0;0;7;0;1;0;1;5;0;0;0;5;5;7;"1"
0;0;4;5;33;5;58;4;0;5;0;1;8;4;0;2;11;7;0;2;5;3;1;0;27;0;2;1;3;8;0;2;0;13;12;14;"1"
0;1;5;2;15;2;42;3;0;5;0;1;5;0;0;0;6;4;0;2;2;1;1;0;16;0;0;0;5;1;1;0;0;11;8;13;"1"
0;1;4;4;18;7;51;3;1;5;0;1;4;1;0;0;3;4;1;0;2;3;0;0;15;0;2;0;4;6;0;4;0;7;4;11;"1"
0;0;4;4;37;11;90;5;1;5;0;0;5;2;0;1;13;6;1;1;3;5;2;2;31;0;1;1;4;10;0;1;1;19;9;21;"1"
0;1;1;3;30;11;79;9;1;5;1;3;13;2;1;1;6;9;0;1;4;7;1;0;24;0;1;0;7;2;0;0;0;10;7;13;"1"
0;0;4;3;29;11;83;8;1;5;0;2;7;1;0;1;13;6;1;5;1;2;0;0;17;0;1;0;10;6;0;1;1;13;6;14;"1"
0;0;1;3;17;7;37;3;0;5;1;0;6;2;0;0;6;3;0;1;2;2;0;0;13;0;4;1;1;4;0;1;0;4;4;12;"1"
1;0;5;3;28;8;90;4;0;5;1;1;9;1;0;0;7;10;0;5;3;1;1;0;15;0;2;1;6;5;0;2;0;13;11;8;"1"
1;0;1;5;20;11;57;5;1;5;1;0;5;3;0;0;9;4;1;3;2;3;3;1;10;0;2;1;6;4;0;0;0;10;9;11;"1"
1;0;2;3;21;4;57;6;0;5;3;1;8;1;0;0;9;5;0;3;0;2;1;0;18;0;4;0;6;2;0;3;0;10;12;14;"1"
0;0;6;2;35;15;87;5;1;5;0;1;7;2;0;0;14;6;2;4;2;5;0;3;20;0;1;0;8;8;0;3;1;15;10;18;"1"
1;5;6;2;31;9;70;8;0;5;0;0;10;2;0;0;7;9;3;2;0;5;0;1;19;0;1;0;3;5;0;2;1;18;13;15;"1"
0;3;8;5;33;14;80;6;0;5;0;1;11;0;0;0;12;7;0;2;1;3;1;1;27;0;4;2;5;7;0;1;0;15;11;23;"1"
0;3;3;3;29;10;79;11;0;5;0;0;8;1;1;1;11;5;0;1;3;2;1;0;23;0;2;0;4;6;0;1;1;6;7;20;"1"
0;0;2;4;17;6;57;2;0;5;0;0;4;0;1;0;6;7;1;0;0;2;0;3;15;0;2;0;1;3;0;0;1;7;6;9;"1"
0;2;1;1;15;5;56;4;1;5;1;1;5;1;0;0;4;6;0;4;1;2;0;0;8;0;2;0;0;2;0;0;0;6;3;12;"1"
0;1;2;0;20;3;42;3;0;5;0;0;3;1;1;0;3;6;1;0;3;5;1;0;11;0;2;1;3;1;0;0;0;7;6;11;"1"
0;1;7;5;28;12;98;9;0;5;0;3;10;0;0;0;15;7;1;0;1;6;2;1;21;0;2;0;7;11;0;1;5;12;8;14;"1"
0;1;2;4;36;11;59;9;1;5;0;2;8;4;0;3;7;4;0;5;2;2;0;0;19;0;3;0;1;4;0;0;0;12;6;14;"1"
0;0;4;6;32;9;52;5;0;5;1;0;6;0;1;0;8;6;1;2;2;8;0;0;13;0;1;0;2;4;0;1;1;10;4;9;"1"
0;1;2;4;27;8;58;6;0;5;1;0;6;0;0;0;6;4;2;1;3;6;0;2;9;0;4;0;3;4;0;1;3;10;2;17;"1"
0;0;1;4;17;4;44;1;1;5;0;0;5;2;0;1;4;3;0;1;1;2;0;0;5;0;1;1;4;3;0;1;1;7;6;7;"1"
0;1;6;4;26;13;70;4;0;5;2;3;11;2;0;0;14;5;0;4;1;2;0;0;20;0;1;0;3;5;0;0;2;12;7;14;"1"
0;2;7;6;34;13;68;6;0;5;3;2;4;2;0;0;10;3;1;3;2;10;1;1;21;0;2;1;7;5;0;1;0;18;12;18;"1"
0;0;4;2;38;16;81;6;0;5;0;0;8;0;1;1;19;8;0;6;2;2;0;1;26;0;3;1;5;3;0;3;0;9;8;15;"1"
1;0;4;3;12;9;41;3;1;5;0;0;5;1;0;1;8;2;2;2;1;3;0;1;12;0;2;0;7;3;0;1;2;13;2;8;"1"
1;0;2;3;21;4;54;5;0;5;0;0;6;2;0;0;6;6;2;0;0;6;0;0;15;0;2;0;4;3;0;0;0;12;10;8;"1"
1;1;0;3;13;2;37;0;0;5;0;0;1;2;0;1;5;6;0;2;0;3;1;0;7;0;2;0;3;6;0;0;0;8;5;9;"1"
0;0;6;2;30;7;72;9;0;5;1;2;7;1;0;0;18;6;1;4;2;8;2;0;22;0;3;2;3;6;0;1;0;17;11;20;"1"
0;1;0;8;19;5;55;5;0;5;0;1;5;0;0;0;5;4;2;1;1;4;1;0;8;0;1;0;5;0;0;0;0;10;13;10;"1"
0;2;2;8;28;9;82;6;0;5;0;0;10;1;1;1;12;7;2;3;2;5;1;0;18;0;3;0;3;6;0;1;0;13;11;15;"1"
0;0;4;3;13;6;46;0;1;5;0;1;6;0;0;0;12;6;2;0;1;1;0;1;8;0;3;0;2;6;0;0;1;6;5;12;"1"
1;0;1;4;22;7;51;3;0;5;0;0;6;0;0;0;10;5;1;3;0;6;2;0;17;0;4;0;6;4;0;1;0;7;9;14;"1"
0;1;3;4;24;11;34;5;0;5;0;0;9;0;1;0;7;2;2;2;0;1;0;0;12;0;5;0;3;3;0;0;1;10;8;18;"1"
0;4;2;3;18;7;38;7;0;5;1;0;4;1;0;1;5;5;1;2;1;1;1;1;11;0;1;0;3;1;0;1;0;8;6;12;"1"
0;0;3;2;15;4;42;4;0;5;0;0;2;1;0;0;6;6;1;1;3;5;0;1;9;0;2;0;4;9;0;0;1;8;11;5;"1"
0;4;5;4;34;13;76;12;0;5;0;2;9;2;0;3;6;6;1;1;2;3;1;0;18;0;4;0;6;4;0;4;1;13;9;14;"1"
0;0;3;4;22;5;44;1;0;5;1;1;5;1;0;0;6;1;0;0;0;2;1;2;9;0;4;0;1;3;0;0;0;7;1;9;"1"
0;0;0;1;27;8;37;2;0;5;0;1;5;1;0;0;12;5;2;6;4;5;1;0;20;0;1;0;3;11;1;1;1;10;4;13;"1"
0;1;2;3;21;4;32;1;0;5;0;2;3;0;0;1;3;2;1;4;3;1;0;1;9;0;3;0;4;3;0;0;0;3;8;6;"1"
0;3;4;1;30;8;67;3;0;5;0;1;8;0;0;1;3;6;1;2;0;1;0;0;16;0;0;0;2;2;0;1;0;10;10;13;"1"
1;0;2;8;20;4;63;3;0;5;0;2;2;0;1;0;8;4;0;3;3;4;0;1;16;0;2;0;5;3;0;1;0;16;6;23;"1"
0;0;0;1;17;4;40;1;0;5;0;0;4;0;0;1;3;4;0;3;0;1;1;0;3;0;1;0;3;3;0;0;0;7;2;8;"1"
1;2;1;3;29;8;48;6;0;5;0;0;7;0;0;2;3;2;0;3;2;3;0;0;13;0;2;0;1;0;0;1;0;11;6;8;"1"
1;1;1;3;16;7;51;3;0;5;0;1;10;0;1;0;13;3;0;1;3;1;1;0;21;0;3;0;3;4;0;1;0;9;6;10;"1"
0;2;4;3;32;14;84;7;1;5;0;0;15;3;1;2;17;4;1;1;3;3;1;0;22;0;3;1;8;9;0;1;0;21;7;14;"1"
0;2;3;2;25;5;66;6;0;5;0;1;4;0;0;1;7;2;0;2;1;3;1;1;21;0;1;0;5;7;0;1;1;11;6;11;"1"
0;2;0;1;25;2;55;2;0;5;1;1;6;2;0;1;7;3;0;0;2;3;1;0;6;0;1;0;7;3;0;0;0;7;6;5;"1"
0;0;3;2;13;2;37;1;0;5;0;0;1;0;0;1;3;2;0;2;0;0;0;0;10;0;1;0;3;3;0;1;0;4;7;6;"1"
0;2;1;1;15;11;28;3;0;5;0;1;1;0;0;0;5;3;0;1;0;0;1;0;6;0;1;0;3;1;0;0;0;6;2;7;"1"
1;4;3;4;25;13;77;6;1;5;0;1;11;2;0;0;10;11;0;4;2;5;0;1;17;0;2;0;1;4;0;1;0;21;11;18;"1"
1;0;3;5;26;12;92;7;2;5;1;1;8;1;0;0;7;7;3;2;2;7;0;0;14;0;1;0;8;3;1;3;0;17;6;14;"1"
0;1;2;0;16;10;50;5;0;5;0;0;5;1;0;0;15;7;0;2;0;4;0;0;12;0;3;0;8;4;0;2;0;14;4;16;"1"
0;0;9;5;28;11;55;8;0;5;0;0;18;0;0;2;9;9;1;4;2;4;1;3;22;0;4;0;5;1;0;0;1;11;13;17;"1"
0;0;1;1;28;11;74;4;0;5;0;1;6;2;0;0;11;5;2;3;3;0;1;1;14;0;3;0;6;6;1;3;1;10;9;13;"1"
0;0;2;5;24;8;46;9;1;5;0;1;3;1;2;0;8;1;1;1;0;5;1;0;15;0;2;1;2;8;0;1;3;5;6;5;"1"
0;1;2;3;16;3;37;5;0;5;0;1;7;0;0;0;8;3;2;1;1;1;1;0;12;0;2;1;3;1;0;1;0;9;6;6;"1"
0;0;1;4;27;12;59;7;0;5;1;3;4;1;1;0;11;5;1;1;1;5;1;1;8;0;2;1;3;3;0;1;1;13;9;14;"1"
0;2;3;4;28;6;62;6;0;5;0;1;6;2;1;0;13;6;2;4;3;6;0;1;15;0;3;0;6;7;0;0;0;15;7;18;"1"
0;3;7;3;28;11;85;4;1;5;1;0;8;1;1;0;15;8;1;3;0;7;3;1;19;0;2;0;13;3;0;2;2;11;5;17;"1"
0;0;4;5;26;5;59;6;0;5;0;0;7;1;0;1;9;1;0;0;3;1;0;0;11;0;2;0;1;4;0;0;0;9;6;14;"1"
0;0;1;3;16;4;57;4;0;5;0;0;3;1;0;0;8;5;0;2;1;0;0;0;13;0;1;0;5;3;0;2;0;8;1;9;"1"
1;2;4;5;23;7;68;8;0;5;0;2;10;3;0;0;9;6;0;3;3;6;3;1;12;0;2;1;5;3;0;3;1;18;10;23;"1"
0;1;3;6;17;8;72;9;0;5;0;0;14;2;0;2;15;9;1;3;0;5;0;0;15;0;4;0;2;7;0;1;4;11;7;11;"1"
0;1;7;4;34;14;83;7;0;5;1;0;10;0;2;0;14;9;0;4;2;8;0;0;14;0;2;0;8;5;0;1;1;22;14;20;"1"
0;0;2;3;20;5;47;4;0;5;0;1;4;2;0;0;5;5;1;1;0;1;1;0;10;0;0;0;5;5;0;0;1;7;5;14;"1"
1;0;6;5;40;13;92;6;1;5;1;0;10;1;0;2;12;10;0;3;4;1;0;3;23;0;2;0;5;9;0;2;1;8;10;16;"1"
0;1;5;4;24;9;70;6;0;5;0;0;8;0;1;0;9;6;1;3;0;3;0;0;13;0;1;0;5;2;0;0;0;14;5;14;"1"
0;1;7;4;31;10;94;6;0;5;1;0;8;0;1;1;14;7;1;2;3;6;0;0;23;0;4;0;4;8;0;0;1;14;10;18;"1"
0;1;4;2;18;2;22;2;0;5;0;1;6;1;2;0;2;4;0;0;1;2;0;1;8;0;2;0;0;5;0;0;0;7;2;10;"1"
1;5;2;5;33;11;88;6;0;5;1;0;8;3;0;2;10;7;1;6;2;3;0;0;20;0;0;1;7;6;0;1;2;10;15;16;"1"
0;0;1;4;14;8;36;2;1;5;0;1;4;0;0;0;6;3;0;2;0;1;1;0;6;0;0;0;2;5;0;1;2;6;3;11;"1"
1;0;3;6;18;8;84;7;0;5;0;1;6;0;2;2;8;8;1;0;0;6;1;0;23;0;6;0;12;7;0;1;0;13;12;13;"1"
0;1;4;2;29;7;58;2;0;5;0;0;4;1;0;0;9;7;0;3;3;1;0;0;9;0;2;1;3;5;1;1;2;11;7;11;"1"
0;0;3;7;40;9;81;9;1;5;0;1;11;4;0;0;9;11;1;2;4;6;0;0;13;0;2;0;9;10;0;0;1;15;11;20;"1"
0;0;1;2;13;4;47;4;0;5;0;1;1;0;0;0;3;2;0;0;0;2;1;0;5;0;0;1;2;3;0;0;0;9;3;6;"1"
0;0;0;2;15;6;32;2;0;5;0;1;4;1;0;0;5;4;0;0;0;4;0;0;5;0;1;1;4;2;0;1;1;8;2;5;"1"
0;0;3;1;17;5;57;4;0;5;0;1;8;2;2;1;2;4;1;0;1;0;1;0;6;0;1;0;5;2;0;0;0;9;6;6;"1"
0;2;4;5;35;17;75;5;0;5;1;1;13;3;0;0;12;10;2;1;1;0;2;0;21;0;2;0;5;8;0;3;1;15;19;19;"1"
0;0;4;1;26;14;58;6;0;5;0;1;9;1;1;1;9;5;1;3;2;8;0;1;12;0;1;1;5;8;0;1;0;9;8;7;"1"
0;0;8;4;36;15;86;6;0;5;0;1;8;0;0;0;12;4;1;4;4;2;1;1;28;0;3;0;10;7;0;1;1;26;10;15;"1"
0;1;1;5;21;11;66;4;2;5;0;1;9;2;0;0;5;5;0;0;4;6;0;0;16;0;2;0;6;0;0;1;0;20;9;10;"1"
2;2;6;4;35;15;90;10;0;5;1;1;9;0;1;2;14;6;2;3;4;3;2;1;22;0;4;0;5;12;0;0;0;16;8;12;"1"
1;1;4;3;18;8;44;1;0;5;0;0;6;0;0;0;10;6;0;0;2;4;1;0;14;0;0;0;3;2;0;0;1;8;1;15;"1"
0;0;1;2;9;4;28;3;0;5;0;0;3;1;0;0;3;2;0;4;0;2;0;1;8;0;2;1;2;2;1;0;0;8;4;10;"1"
0;6;3;6;39;16;86;8;0;5;0;2;11;2;1;0;9;8;2;3;5;1;2;0;21;0;2;0;5;5;0;0;1;8;10;19;"1"
1;3;2;4;25;6;74;3;2;5;1;0;7;0;0;0;5;5;1;3;2;3;0;0;21;0;1;0;6;3;0;2;1;19;6;14;"1"
0;0;1;0;20;7;48;10;1;5;0;1;3;1;0;0;6;4;1;3;2;2;1;0;10;0;2;0;8;3;0;1;1;12;7;10;"1"
0;0;0;1;25;7;56;1;0;5;0;0;2;1;0;0;6;7;0;1;4;3;1;0;13;0;5;0;2;3;0;2;1;13;7;14;"1"
1;0;1;2;15;4;53;5;0;5;2;1;4;2;0;0;6;3;0;1;4;0;1;0;11;0;1;0;3;4;0;2;0;14;2;12;"1"
0;2;4;4;22;11;62;5;0;5;1;0;5;3;0;2;12;6;1;2;1;3;1;0;10;0;3;0;2;3;0;0;0;12;6;6;"1"
0;4;3;0;80;0;1;29;0;5;0;2;1;1;0;1;0;15;0;7;1;22;1;0;3;0;4;1;0;2;1;0;6;24;0;1;"2"
1;3;3;0;68;0;0;35;0;5;0;5;0;0;0;0;0;8;0;9;2;20;0;0;2;0;4;0;0;1;3;0;6;11;0;0;"2"
1;2;2;0;84;0;0;31;2;5;1;6;0;2;0;1;0;14;0;10;2;26;1;1;6;0;13;0;0;1;2;0;7;15;0;1;"2"
0;2;4;0;37;0;0;19;4;5;0;2;2;0;0;3;0;8;0;6;3;18;0;1;5;0;10;0;0;1;2;0;6;10;0;0;"2"
0;2;4;0;108;0;0;39;3;5;0;2;0;2;0;1;0;19;0;13;5;27;0;2;4;0;11;0;0;1;3;2;6;14;0;1;"2"
4;0;3;0;99;0;1;31;1;5;1;6;0;2;0;2;0;15;0;7;2;27;1;1;4;0;8;0;0;2;2;0;4;10;0;0;"2"
1;2;11;0;98;0;0;31;4;5;0;4;0;1;0;0;0;19;0;16;2;32;1;0;2;0;13;2;0;2;4;1;9;25;0;0;"2"
2;2;3;0;123;0;0;44;3;5;0;3;0;2;0;0;1;25;0;7;2;29;0;1;3;0;10;0;0;0;1;0;8;16;0;0;"2"
0;3;4;0;45;0;0;18;1;5;0;1;0;0;0;1;0;8;0;1;1;12;0;0;2;0;1;0;0;0;0;0;4;9;0;0;"2"
1;6;2;0;101;0;1;38;1;5;0;4;0;0;0;2;1;17;0;12;3;40;0;0;1;0;12;0;0;3;8;0;8;24;0;0;"2"
0;0;3;0;96;0;0;35;0;5;0;3;0;1;0;1;0;7;0;9;6;23;0;2;8;0;7;0;0;0;3;0;7;9;0;3;"2"
1;2;8;0;77;0;1;41;1;5;0;5;0;1;0;4;0;16;0;8;3;25;0;0;2;0;10;1;1;1;1;0;6;10;0;0;"2"
2;2;7;0;91;0;0;40;1;5;0;5;0;0;0;0;0;14;0;8;5;28;1;2;7;0;15;0;0;0;1;0;7;22;0;1;"2"
0;1;1;0;43;0;0;26;1;5;0;2;0;0;0;0;0;10;0;3;1;16;0;2;0;0;10;0;0;0;3;0;1;10;0;2;"2"
1;0;2;0;64;0;0;15;1;5;0;1;1;1;0;3;0;5;0;8;1;18;0;0;3;0;7;1;0;1;2;1;4;8;0;0;"2"
2;1;2;0;64;0;0;34;1;5;2;1;0;1;0;0;0;20;0;8;1;23;1;2;3;0;7;0;0;0;2;0;3;9;0;0;"2"
0;2;3;0;38;0;0;17;1;5;1;2;0;1;0;0;0;10;0;3;4;12;0;0;0;0;2;0;0;2;2;0;1;10;0;1;"2"
0;4;6;0;91;0;0;44;2;5;0;4;1;0;0;0;0;19;0;8;2;26;0;1;5;0;15;0;0;1;1;0;8;17;0;0;"2"
0;3;3;0;33;0;0;17;1;5;0;0;0;1;0;0;0;11;0;3;0;10;0;0;4;0;6;0;1;0;2;0;0;6;0;1;"2"
0;2;5;0;91;0;0;35;1;5;1;0;0;0;0;0;0;13;0;5;2;19;1;1;3;0;11;1;0;2;2;1;5;17;0;1;"2"
0;1;2;0;32;0;0;23;2;5;0;4;0;1;0;1;0;8;0;4;1;16;0;1;4;0;3;0;1;0;1;1;2;10;0;0;"2"
3;0;3;0;91;0;0;34;1;5;1;3;1;2;0;0;0;25;0;10;3;30;0;1;7;0;10;0;1;0;5;0;11;21;0;0;"2"
0;2;2;0;57;0;0;19;1;5;0;1;0;1;0;0;0;9;0;3;2;14;0;2;0;0;7;0;0;2;0;0;5;6;0;0;"2"
0;3;9;0;91;0;0;40;2;5;2;2;0;1;0;2;0;12;0;7;4;32;0;3;4;0;12;0;0;3;5;1;8;16;0;2;"2"
1;1;3;0;53;0;0;16;2;5;0;4;0;1;0;0;0;15;0;8;0;25;0;0;1;0;10;0;0;1;2;0;4;11;0;0;"2"
0;2;9;0;58;0;0;38;3;5;2;3;0;0;0;1;0;15;0;9;6;28;2;0;6;0;10;0;0;4;3;0;4;14;0;0;"2"
0;3;7;0;60;0;0;13;1;5;0;0;0;0;0;0;0;11;0;5;1;24;1;0;2;0;10;0;0;1;1;1;5;6;0;0;"2"
1;2;2;0;58;0;0;18;1;5;1;2;1;1;0;2;0;13;0;6;4;16;0;2;0;0;7;0;0;0;4;0;8;17;0;0;"2"
2;1;2;0;44;0;0;24;4;5;0;0;1;1;0;1;0;4;0;8;2;7;0;1;0;0;5;1;0;1;1;0;4;12;0;0;"2"
0;2;3;0;87;0;0;38;1;5;0;3;0;0;0;2;0;16;0;12;3;42;0;1;6;0;14;0;0;2;8;1;8;9;0;2;"2"
1;1;4;0;69;0;0;33;2;5;0;9;0;0;0;2;0;14;0;3;1;15;0;0;3;0;11;0;0;0;2;0;8;4;0;0;"2"
0;1;2;0;54;0;0;22;2;5;1;0;1;0;0;0;0;9;0;8;2;15;0;0;0;0;5;0;0;1;1;2;1;6;0;0;"2"
0;1;7;0;51;0;0;21;4;5;1;4;4;1;0;0;0;11;0;6;3;10;0;1;1;0;7;0;0;2;0;0;4;9;0;2;"2"
0;3;5;0;90;0;0;28;3;5;1;1;0;0;0;1;0;13;0;13;3;30;0;3;2;0;4;0;0;3;4;1;3;13;0;1;"2"
0;1;4;0;94;0;0;48;6;5;2;2;1;3;0;1;0;16;0;17;2;33;0;1;6;0;11;1;0;1;9;0;6;19;0;1;"2"
1;2;4;0;47;0;0;21;2;5;0;2;0;0;0;2;0;3;0;4;1;12;1;0;0;0;2;1;0;1;5;0;0;4;0;0;"2"
0;0;1;0;39;0;0;24;0;5;0;0;0;1;0;2;0;8;0;6;1;12;0;0;2;0;3;0;0;0;2;0;2;1;0;1;"2"
1;3;2;0;35;0;0;22;0;5;0;1;0;1;0;0;0;7;0;4;1;9;0;1;1;0;6;0;0;1;0;0;2;4;0;0;"2"
0;0;4;0;71;0;0;26;1;5;1;3;0;0;0;0;0;7;0;7;0;21;0;1;3;0;7;0;0;2;2;1;3;11;0;0;"2"
0;1;1;0;52;0;1;22;1;5;0;0;0;0;0;0;0;6;0;8;1;13;0;0;1;0;3;0;0;0;0;0;0;9;0;0;"2"
0;3;4;0;101;0;0;41;6;5;0;2;0;1;0;2;0;19;0;9;1;26;1;1;7;0;8;0;0;2;2;0;9;23;0;0;"2"
0;0;3;0;44;0;0;17;4;5;0;2;0;0;0;2;0;7;0;8;1;10;1;0;2;0;5;0;0;1;0;0;3;5;0;1;"2"
1;0;6;0;72;0;0;24;2;5;0;3;1;1;0;1;0;12;0;13;3;18;1;0;5;0;5;0;0;1;3;0;5;8;0;1;"2"
2;3;8;0;104;0;0;44;1;5;0;6;2;2;0;2;0;17;0;10;0;38;2;1;4;0;18;0;0;1;2;1;7;17;0;0;"2"
1;0;3;0;54;0;0;26;0;5;0;3;0;1;0;0;1;6;0;4;1;11;0;2;3;0;12;1;0;1;2;0;1;9;0;1;"2"
0;1;5;0;64;0;0;30;3;5;0;3;0;3;0;0;0;14;0;7;1;15;1;0;1;0;8;0;0;0;5;0;7;8;0;1;"2"
2;0;1;0;54;0;0;18;0;5;1;0;0;0;0;0;0;5;0;10;2;15;2;1;3;0;6;0;0;0;1;0;3;7;0;1;"2"
0;1;1;0;83;0;0;40;1;5;0;2;0;0;0;5;0;23;0;11;0;20;0;2;3;0;7;1;0;2;2;1;3;11;0;0;"2"
1;1;8;0;92;0;1;39;1;5;0;2;0;0;0;1;0;23;0;10;4;37;0;2;2;0;10;0;0;3;1;0;9;17;0;0;"2"
0;0;3;0;75;0;0;30;0;5;2;3;2;0;0;1;0;11;0;4;3;20;0;1;4;0;6;0;0;0;3;0;3;10;0;0;"2"
4;5;6;0;100;0;0;32;3;5;1;4;0;1;0;1;0;13;0;16;3;28;0;1;8;0;10;0;0;1;1;1;9;17;0;2;"2"
0;1;1;0;58;0;0;20;3;5;0;2;0;1;0;0;0;13;0;1;0;31;0;0;2;0;3;1;0;1;3;0;4;12;0;1;"2"
0;1;3;0;54;0;0;26;2;5;0;1;0;2;0;1;0;11;0;3;3;21;0;1;2;0;6;0;0;2;3;0;6;12;0;0;"2"
2;3;6;0;103;0;0;44;0;5;2;9;0;1;0;1;0;11;0;9;2;45;1;0;3;0;8;1;0;2;3;1;12;16;0;1;"2"
4;1;3;0;67;0;0;31;3;5;0;2;0;1;0;2;0;19;0;4;1;29;3;0;3;0;12;0;0;3;4;0;4;19;0;1;"2"
1;2;9;0;95;0;0;43;2;5;0;2;0;1;0;0;1;21;0;9;2;19;1;1;4;0;12;0;0;2;2;0;5;19;0;1;"2"
0;0;2;0;47;0;0;14;3;5;1;1;0;1;0;0;0;10;0;3;0;12;0;1;0;0;6;0;0;0;2;0;3;6;0;0;"2"
0;2;3;0;83;0;0;33;2;5;0;4;1;0;0;2;0;12;0;6;1;25;0;0;2;0;7;0;0;1;2;0;6;14;0;0;"2"
2;2;3;0;71;0;1;24;2;5;0;5;1;2;0;2;0;9;0;9;3;17;0;1;0;0;5;1;0;0;4;0;2;6;0;0;"2"
0;2;2;0;98;0;0;35;1;5;1;4;0;0;0;2;0;24;0;7;3;28;0;1;4;0;9;0;0;2;4;1;5;14;0;1;"2"
0;2;3;0;47;0;0;23;0;5;0;2;0;1;0;1;0;14;0;3;2;10;0;0;2;0;5;1;0;2;2;0;3;6;0;0;"2"
2;1;3;0;100;0;0;35;2;5;1;6;1;0;0;2;0;13;0;6;3;25;1;1;6;0;12;1;0;2;3;1;6;16;0;0;"2"
1;2;5;0;81;0;0;34;3;5;1;4;0;1;0;2;0;19;0;7;3;18;0;1;3;0;12;0;0;0;3;0;3;13;0;2;"2"
2;2;5;0;45;0;0;26;2;5;0;3;0;0;0;0;0;13;0;6;1;17;0;0;7;0;4;0;0;2;4;0;1;15;0;0;"2"
1;3;5;0;107;0;0;41;3;5;0;1;0;1;0;3;0;24;0;11;2;37;2;1;4;0;8;0;0;4;3;0;6;10;0;2;"2"
0;1;2;0;90;0;0;25;2;5;0;2;1;2;0;1;0;15;0;13;3;17;0;2;3;0;7;0;0;3;3;1;6;17;0;0;"2"
1;2;5;0;114;0;0;39;2;5;1;2;0;1;0;0;0;23;0;17;4;37;2;1;5;0;4;1;0;1;4;0;6;19;0;0;"2"
2;1;3;0;41;0;0;25;0;5;0;1;1;0;0;0;0;4;0;4;4;20;0;1;5;0;4;1;0;1;1;0;4;6;0;0;"2"
1;2;0;0;50;0;0;16;0;5;0;0;0;0;0;1;0;8;0;8;2;12;0;0;1;0;8;0;0;0;3;1;3;8;0;0;"2"
1;3;6;0;105;0;0;55;4;5;1;4;1;0;0;1;0;13;0;9;4;32;0;3;4;0;11;0;0;3;4;0;8;16;0;1;"2"
0;1;4;0;93;0;1;34;2;5;0;4;0;0;0;0;0;18;0;13;2;32;0;1;4;0;9;1;0;4;2;0;5;15;0;1;"2"
2;1;3;0;78;0;0;33;3;5;0;2;1;2;0;3;0;12;0;6;2;19;2;0;4;0;12;1;0;1;1;1;7;10;0;2;"2"
0;3;4;0;60;0;0;27;4;5;1;2;1;0;0;2;0;10;0;8;1;16;0;0;4;0;5;1;0;1;2;0;2;8;0;0;"2"
1;0;3;0;68;0;0;24;1;5;0;3;0;1;0;1;1;13;0;7;2;20;0;0;1;0;8;0;0;0;2;1;8;15;0;0;"2"
3;1;2;0;61;0;0;24;4;5;0;3;0;0;0;1;0;14;0;9;5;20;0;0;8;0;12;0;0;1;0;0;9;15;0;1;"2"
4;1;2;0;78;0;0;33;0;5;0;2;2;2;0;0;0;22;0;7;3;35;0;2;1;0;8;0;0;0;3;0;3;11;0;0;"2"
2;4;5;0;52;0;0;20;1;5;0;2;2;0;0;0;0;13;0;5;2;17;1;0;6;0;12;0;0;0;4;1;2;10;0;0;"2"
3;2;2;0;97;0;0;40;2;5;2;3;1;0;0;0;0;16;0;9;2;34;3;1;5;0;19;0;0;3;4;0;8;16;0;0;"2"
2;0;3;0;80;0;0;41;3;5;2;4;0;0;0;0;0;6;0;9;1;26;0;0;1;0;6;1;0;1;1;0;13;13;0;0;"2"
3;1;5;0;84;0;0;38;3;5;0;4;0;2;0;4;0;16;0;13;2;23;1;1;4;0;12;0;0;3;7;0;3;21;0;1;"2"
1;2;2;0;65;0;0;29;0;5;0;2;0;1;0;0;0;10;0;7;2;11;1;0;3;0;9;0;0;2;3;0;6;20;0;1;"2"
0;2;9;0;120;0;0;48;3;5;0;5;0;3;0;0;0;16;0;7;1;34;1;1;5;0;7;0;0;5;7;0;6;12;0;0;"2"
0;3;2;0;73;0;0;32;3;5;0;4;0;0;0;1;0;7;0;2;2;29;0;1;1;0;7;0;0;3;2;1;4;10;0;0;"2"
1;1;4;0;69;0;0;22;1;5;0;5;2;0;0;1;0;10;0;5;1;18;0;0;0;0;6;0;0;0;4;0;8;12;0;0;"2"
1;2;3;0;78;0;0;36;5;5;0;3;2;1;0;0;0;13;0;7;2;22;1;1;5;0;4;0;0;1;0;0;6;12;0;0;"2"
1;1;5;0;59;0;0;30;1;5;0;5;0;2;0;0;0;13;0;6;0;25;1;1;5;0;8;0;0;2;2;1;6;13;0;0;"2"
0;2;3;0;86;0;0;27;0;5;0;4;1;1;0;2;0;17;0;6;1;21;0;0;3;0;10;0;0;1;3;1;10;18;0;0;"2"
1;1;2;0;61;0;1;25;3;5;0;2;1;0;0;2;0;12;0;9;5;19;1;2;4;0;7;0;0;1;3;0;4;14;0;1;"2"
3;4;4;0;85;0;0;43;1;5;0;1;0;2;0;0;0;15;0;9;2;33;0;1;4;0;9;0;0;0;5;0;6;16;0;1;"2"
1;1;2;0;55;0;0;30;0;5;0;3;1;2;0;1;0;14;0;3;3;17;1;1;3;0;6;0;0;0;5;1;4;11;0;0;"2"
2;3;3;0;84;0;0;52;1;5;0;3;0;2;0;3;0;26;0;9;4;27;1;2;5;0;11;0;0;1;4;2;5;19;0;1;"2"
1;3;2;0;84;0;0;26;1;5;0;2;1;1;0;0;0;10;0;9;1;24;1;1;5;0;1;0;0;4;2;1;4;15;0;0;"2"
1;1;4;0;67;0;0;23;1;5;0;3;0;2;0;0;1;6;0;2;1;18;0;0;2;0;4;0;0;2;2;1;6;13;0;2;"2"
1;4;9;0;45;0;0;24;1;5;0;0;0;1;0;0;0;12;0;6;1;22;0;2;4;0;4;0;0;1;1;0;4;6;0;0;"2"
2;1;9;1;94;0;0;50;5;5;0;4;0;1;0;0;0;19;0;14;1;32;0;2;4;0;13;1;0;2;4;1;9;20;0;0;"2"
1;1;1;0;64;0;0;33;1;5;0;5;0;0;0;1;0;16;0;8;2;20;1;1;3;0;6;1;0;1;0;0;6;13;0;0;"2"
0;1;2;0;63;0;0;33;0;5;0;5;0;1;0;1;0;11;0;10;0;19;0;0;4;0;6;0;0;3;4;0;7;11;0;0;"2"
0;1;5;0;56;0;0;19;2;5;1;3;0;1;0;0;0;8;0;0;1;17;0;3;1;0;5;0;0;3;1;1;3;10;0;0;"2"
1;2;4;0;85;0;0;26;2;5;0;2;0;0;0;1;0;12;0;2;1;32;0;0;3;0;8;1;0;4;1;0;6;15;0;1;"2"
1;2;5;0;35;0;0;21;3;5;0;4;0;0;0;1;0;5;0;5;0;5;0;0;1;0;2;0;0;0;2;1;1;5;0;0;"2"
0;3;8;0;59;0;0;37;1;5;2;1;0;2;0;0;0;9;0;4;2;15;0;0;2;0;9;1;0;1;4;0;4;9;0;0;"2"
2;1;3;0;42;0;0;13;3;5;1;2;1;0;0;0;0;4;0;7;1;17;0;0;2;0;1;0;0;1;0;0;5;7;0;0;"2"
0;0;5;0;48;0;0;25;0;5;0;1;0;0;0;0;0;9;0;3;1;11;0;1;3;0;6;1;0;1;0;1;4;6;0;0;"2"
0;0;1;0;34;0;1;15;4;5;0;6;1;0;0;0;0;5;0;5;1;15;1;0;0;0;8;1;0;0;3;0;5;9;0;0;"2"
4;2;4;0;94;0;0;37;7;5;0;1;0;2;0;1;0;17;0;8;3;24;0;1;7;0;8;0;0;3;4;1;3;19;0;1;"2"
0;1;4;0;48;0;0;24;0;5;0;2;0;1;0;1;0;8;0;6;2;13;1;0;4;0;4;0;0;2;2;0;5;10;0;0;"2"
0;3;3;0;97;0;0;33;1;5;0;6;0;1;0;0;0;14;0;11;3;38;0;3;3;0;23;0;0;1;4;1;11;23;0;1;"2"
0;1;2;0;52;0;0;21;0;5;0;2;0;0;0;1;0;12;0;8;2;11;1;1;2;0;8;0;0;2;3;1;3;4;0;1;"2"
0;0;0;0;57;0;0;26;2;5;0;1;0;0;0;0;1;10;0;3;0;12;0;0;4;0;4;0;0;0;2;0;0;11;0;1;"2"
1;0;0;0;58;0;0;24;1;5;0;3;0;2;1;0;0;9;0;3;3;20;0;1;6;0;3;0;0;2;3;0;4;11;0;0;"2"
1;0;3;0;60;0;0;35;3;5;1;1;1;1;0;1;0;17;0;8;2;18;1;0;2;0;8;0;0;0;2;0;9;4;0;0;"2"
1;3;9;0;96;0;0;37;4;5;0;5;1;1;0;2;1;17;0;8;0;35;1;1;5;0;23;0;0;4;2;2;4;15;0;0;"2"
2;1;1;0;52;0;0;27;0;5;0;2;0;2;0;2;0;13;0;3;1;13;0;2;1;0;6;0;0;0;2;0;5;5;0;0;"2"
0;3;8;0;88;0;0;32;3;5;1;6;0;2;0;1;0;14;0;20;2;26;1;5;4;0;9;0;0;2;6;0;5;10;0;2;"2"
0;1;3;0;66;0;0;19;3;5;0;4;1;1;0;0;0;14;0;7;0;18;1;0;3;0;7;0;1;1;1;2;5;10;0;1;"2"
2;0;0;0;54;0;0;33;1;5;0;0;0;0;0;0;0;15;0;8;2;12;0;0;2;0;8;0;0;1;5;0;16;15;0;0;"2"
0;3;7;0;58;0;0;20;1;5;0;5;0;0;0;0;0;19;0;3;1;16;2;0;5;0;3;0;1;2;0;0;3;7;0;0;"2"
1;3;6;0;39;0;0;18;2;5;2;1;1;0;0;0;0;8;0;4;3;13;0;1;1;0;7;1;0;0;1;0;7;6;0;0;"2"
1;1;3;0;75;0;0;26;2;5;0;2;0;1;0;0;0;17;0;9;1;21;2;0;2;0;8;0;0;2;0;0;4;13;0;0;"2"
0;1;5;0;83;0;0;43;2;5;0;2;1;0;0;0;0;15;0;11;1;25;0;1;2;0;7;0;0;0;2;1;7;19;0;1;"2"
1;3;2;0;106;0;0;41;1;5;1;6;0;0;0;0;0;24;1;8;1;31;0;0;4;0;13;2;0;6;4;0;9;21;0;1;"2"
3;2;5;0;95;0;0;39;5;5;1;4;0;1;0;0;0;15;0;4;3;35;1;2;3;0;8;0;0;1;8;1;15;18;0;0;"2"
0;3;1;0;110;0;1;33;4;5;0;2;0;2;0;2;0;18;0;10;4;21;1;1;3;0;11;1;0;1;4;0;6;26;0;3;"2"
0;2;5;0;86;0;0;52;2;5;1;1;0;1;0;1;0;16;0;13;5;26;0;0;3;0;6;1;0;3;3;0;8;20;0;1;"2"
1;0;3;0;92;0;0;39;4;5;0;5;0;1;0;2;0;22;0;12;3;40;1;0;5;0;11;1;0;2;5;0;7;18;0;0;"2"
1;5;6;0;100;0;0;45;2;5;1;2;0;1;0;3;1;16;0;7;3;23;0;1;4;0;10;0;1;1;4;0;5;17;0;0;"2"
2;4;2;0;101;0;0;36;2;5;0;3;0;1;0;1;0;16;0;11;3;41;1;0;1;0;9;1;1;1;8;0;3;14;0;3;"2"
0;4;3;0;88;0;0;28;1;5;1;1;1;3;0;0;0;17;0;7;2;34;0;0;8;0;4;0;1;0;3;0;5;11;0;0;"2"
0;0;5;0;90;0;0;34;2;5;0;2;1;2;0;3;1;23;0;15;3;30;2;1;6;1;7;0;0;3;6;0;8;18;0;2;"2"
0;0;4;0;43;0;0;14;2;5;0;1;0;0;0;1;0;10;0;10;1;12;0;1;3;0;8;0;0;1;1;0;5;9;0;0;"2"
2;1;4;0;69;0;0;31;2;5;0;1;1;1;0;1;0;11;0;7;2;22;2;2;4;0;12;0;0;0;1;0;5;22;0;0;"2"
0;1;3;0;84;0;0;50;3;5;0;5;0;1;0;0;0;15;0;10;5;21;0;0;3;0;11;1;0;2;3;0;5;11;0;1;"2"
1;5;3;0;57;0;0;30;1;5;0;3;0;2;0;2;0;13;0;4;1;20;1;1;4;0;2;1;0;2;1;0;6;9;0;1;"2"
1;3;4;0;80;0;0;30;3;5;0;4;0;1;0;1;0;16;0;12;3;20;1;0;7;0;12;0;0;4;3;0;6;16;0;0;"2"
2;2;4;0;57;0;0;24;0;5;0;1;0;1;0;0;0;10;0;6;1;16;0;2;2;0;5;0;0;1;3;0;3;6;0;1;"2"
1;1;2;0;63;0;0;22;0;5;1;2;0;0;0;0;0;15;0;4;0;11;1;1;1;0;7;1;0;2;3;0;6;3;0;0;"2"
1;2;6;0;115;0;0;38;5;5;0;4;1;1;0;0;0;25;0;9;0;28;0;3;2;0;12;0;0;2;4;1;11;20;0;3;"2"
2;0;6;0;86;0;0;31;2;5;0;3;1;0;0;1;0;16;0;8;3;18;3;0;2;0;4;1;0;4;1;1;3;10;0;0;"2"
1;1;2;0;46;0;0;23;3;5;1;2;0;1;0;1;0;1;0;4;2;18;1;0;2;0;7;1;0;1;3;0;8;8;0;0;"2"
1;1;5;0;68;0;0;22;0;5;0;4;0;0;0;1;0;16;0;9;0;15;0;0;7;0;7;0;0;0;0;1;6;15;0;0;"2"
2;3;5;0;81;0;0;31;1;5;0;6;0;0;0;0;1;20;0;15;2;22;1;0;1;0;5;1;0;2;3;0;8;11;0;1;"2"
1;2;8;0;94;0;0;50;2;5;3;2;0;0;0;1;0;20;0;14;4;34;2;1;4;0;10;0;0;1;4;0;5;20;0;0;"2"
0;1;3;0;46;0;0;17;2;5;0;1;0;0;0;0;0;14;0;4;0;13;0;0;3;0;7;0;0;1;2;0;2;8;0;0;"2"
1;0;2;0;30;0;0;25;2;5;1;1;1;2;0;0;0;7;0;4;2;9;0;0;2;0;2;0;0;0;1;0;5;5;0;1;"2"
1;2;3;0;81;0;0;26;1;5;0;3;0;0;0;1;0;10;0;5;1;24;1;0;4;0;8;0;0;1;3;0;5;15;0;0;"2"
1;1;2;0;62;0;0;15;2;5;0;2;0;1;0;0;0;9;0;1;2;11;0;0;5;0;4;0;0;0;2;1;2;5;0;0;"2"
1;1;4;0;43;0;0;24;2;5;0;2;0;0;0;0;0;8;0;6;1;9;0;0;3;0;6;0;0;0;0;0;4;9;0;1;"2"
1;1;2;0;87;0;0;31;2;5;0;3;0;1;0;1;0;20;0;5;2;27;0;0;8;0;6;0;0;0;3;1;4;5;0;0;"2"
1;2;3;0;104;0;0;54;1;5;1;2;1;1;0;1;0;23;0;9;6;24;0;0;8;0;11;1;0;1;8;0;10;20;0;1;"2"
0;1;2;0;44;0;0;17;1;5;0;2;0;0;0;0;0;7;0;4;2;10;1;1;1;0;5;1;0;4;5;0;5;10;0;0;"2"
